,tweet_id,favorite_count,retweet_count,rating_numerator,breed,breed_conf,dog_stage
0,892177421306343426,33819,6514,13.0,chihuahua,0.323581,
1,891815181378084864,25461,4328,12.0,chihuahua,0.716012,
2,891689557279858688,42908,8964,13.0,labrador_retriever,0.168086,
3,891327558926688256,41048,9774,12.0,basset,0.555712,
4,891087950875897856,20562,3261,13.0,chesapeake_bay_retriever,0.425595,
5,890971913173991426,12041,2158,13.0,appenzeller,0.34170300000000003,
6,890729181411237888,56848,16716,13.0,pomeranian,0.566142,
7,890609185150312448,28226,4429,13.0,irish_terrier,0.487574,
8,890240255349198849,32467,7711,14.0,pembroke,0.511319,doggo
9,890006608113172480,31166,7624,13.0,samoyed,0.957979,
10,889880896479866881,28268,5156,13.0,french_bulldog,0.377417,
11,889665388333682689,38818,8538,13.0,pembroke,0.966327,puppo
12,889638837579907072,27672,4735,12.0,french_bulldog,0.99165,
13,889531135344209921,15359,2321,13.0,golden_retriever,0.953442,puppo
14,888917238123831296,29611,4709,12.0,golden_retriever,0.714719,
15,888804989199671297,26080,4559,13.0,golden_retriever,0.46976,
16,888554962724278272,20290,3732,13.0,siberian_husky,0.700377,
17,888078434458587136,22201,3653,12.0,french_bulldog,0.995026,
18,887705289381826560,30779,5609,13.0,basset,0.821664,
19,887473957103951883,69871,18781,13.0,pembroke,0.809197,
20,887101392804085760,31061,6167,12.0,samoyed,0.733942,
21,886983233522544640,35859,8084,13.0,chihuahua,0.793469,
22,886736880519319552,12306,3443,13.0,kuvasz,0.309706,
23,886366144734445568,21524,3316,12.0,french_bulldog,0.999201,pupper
24,886258384151887873,28469,6523,13.0,pug,0.943575,
25,885984800019947520,33382,7097,12.0,blenheim_spaniel,0.972494,
26,885528943205470208,36689,6683,13.0,pug,0.369275,
27,885167619883638784,22367,4556,13.0,malamute,0.8124819999999999,
28,884925521741709313,68152,16439,12.0,italian_greyhound,0.259916,
29,884876753390489601,28514,6096,13.0,chow,0.822103,
30,884562892145688576,24765,5100,13.0,pug,0.5464060000000001,
31,884441805382717440,27478,5856,14.0,pembroke,0.993225,
32,884162670584377345,20771,3128,12.0,german_shepherd,0.707046,doggo
33,883838122936631299,22349,3586,12.0,doberman,0.610946,
34,883360690899218434,22986,3825,13.0,chow,0.987997,floofer
35,883117836046086144,37914,6949,13.0,golden_retriever,0.949562,
36,882992080364220416,24445,4122,13.0,eskimo_dog,0.466778,
37,882762694511734784,28903,5134,12.0,labrador_retriever,0.85005,pupper
38,882627270321602560,28382,6342,13.0,pembroke,0.542982,
39,882268110199369728,45880,12118,13.0,golden_retriever,0.762211,
40,882045870035918850,29900,5203,13.0,golden_retriever,0.00694063,
41,881906580714921986,24773,3533,12.0,weimaraner,0.291539,
42,881666595344535552,51522,11099,13.0,saluki,0.529012,
43,880872448815771648,21734,3989,12.0,pembroke,0.791416,
44,880465832366813184,29075,6546,12.0,golden_retriever,0.913255,
45,880221127280381952,27640,4436,12.0,chihuahua,0.238525,
46,880095782870896641,28150,4533,11.0,miniature_pinscher,0.120298,
47,879862464715927552,22667,3642,13.0,basset,0.813507,
48,879492040517615616,23822,3323,12.0,german_short-haired_pointer,0.479896,
49,879376492567855104,17099,3261,12.0,labrador_retriever,0.0334961,
50,879008229531029506,19317,2812,13.0,vizsla,0.960513,
51,878776093423087618,19763,4319,13.0,italian_greyhound,0.734684,puppo
52,878281511006478336,7913,1349,13.0,basset,0.32042,
53,878057613040115712,42876,7181,14.0,french_bulldog,0.839097,
54,877736472329191424,71144,17300,13.0,chesapeake_bay_retriever,0.8379559999999999,
55,877556246731214848,23258,3994,12.0,basset,0.995368,
56,877316821321428993,27907,5414,13.0,saluki,0.5099670000000001,
57,877201837425926144,27755,5880,12.0,pembroke,0.93112,
58,876838120628539392,21125,3506,12.0,bloodhound,0.575751,pupper
59,876484053909872640,19163,2511,13.0,golden_retriever,0.874566,
60,876120275196170240,28490,4903,13.0,bernese_mountain_dog,0.534327,
61,875747767867523072,25773,4497,13.0,labrador_retriever,0.799551,
62,875021211251597312,26022,4922,12.0,west_highland_white_terrier,0.7143189999999999,
63,874680097055178752,28439,4875,12.0,labrador_retriever,0.836052,
64,874296783580663808,26651,4308,13.0,cocker_spaniel,0.437216,pupper
65,874057562936811520,23134,4125,12.0,flat-coated_retriever,0.8321770000000001,
66,874012996292530176,35501,11007,13.0,cardigan,0.806674,puppo
67,873580283840344065,24837,4143,13.0,newfoundland,0.678537,
68,873213775632977920,7467,1667,12.0,vizsla,0.6197819999999999,pupper
69,872967104147763200,28031,5669,12.0,labrador_retriever,0.476913,doggo
70,872820683541237760,15029,3884,13.0,pug,0.99912,
71,872620804844003328,21309,3911,13.0,cocker_spaniel,0.513191,
72,872486979161796608,41606,9429,12.0,pembroke,0.931861,
73,872261713294495745,35085,6649,13.0,labrador_retriever,0.972019,
74,872122724285648897,35324,8549,12.0,pug,0.06673630000000001,
75,871879754684805121,39090,11918,13.0,shetland_sheepdog,0.969171,
76,871762521631449091,20787,3678,12.0,labrador_retriever,0.921393,pupper
77,871515927908634625,20730,3628,12.0,komondor,0.974781,doggo
78,871032628920680449,23255,3999,13.0,kelpie,0.3980530000000001,
79,870656317836468226,12819,2817,13.0,pembroke,0.945495,
80,870374049280663552,85011,27680,13.0,golden_retriever,0.841001,
81,870308999962521604,22453,4384,13.0,greater_swiss_mountain_dog,0.6227520000000001,
82,869772420881756160,43710,10663,13.0,pembroke,0.980148,
83,869702957897576449,29116,6728,13.0,pembroke,0.993449,
84,869596645499047938,16476,3327,12.0,chihuahua,0.955156,doggo
85,869227993411051520,21112,4023,13.0,pembroke,0.664181,
86,868880397819494401,55098,12518,14.0,french_bulldog,0.0999839,
87,868622495443632128,28295,6275,13.0,labrador_retriever,0.868107,
88,868552278524837888,10539,2240,12.0,whippet,0.378151,
89,867900495410671616,24964,4439,12.0,labrador_retriever,0.522644,
90,867774946302451713,35179,7788,13.0,border_collie,0.661953,
91,867421006826221569,16755,2697,12.0,eskimo_dog,0.6164569999999999,puppo
92,867051520902168576,33420,8425,13.0,samoyed,0.471403,
93,866686824827068416,20070,3727,12.0,flat-coated_retriever,0.51473,
94,866450705531457537,106827,32883,13.0,french_bulldog,0.905334,pupper
95,866334964761202691,54720,15546,12.0,samoyed,0.984086,
96,865718153858494464,26640,6008,13.0,golden_retriever,0.673664,
97,865359393868664832,27530,5384,13.0,chesapeake_bay_retriever,0.832435,
98,865006731092295680,29063,8209,13.0,pembroke,0.989882,
99,864279568663928832,15195,3266,12.0,bull_mastiff,0.668613,
100,864197398364647424,31459,9616,13.0,golden_retriever,0.945905,
101,863432100342583297,24829,5664,12.0,staffordshire_bullterrier,0.690517,
102,863062471531167744,8945,2687,13.0,french_bulldog,0.935804,
103,862831371563274240,20011,5457,13.0,australian_terrier,0.207281,
104,862722525377298433,17779,3809,11.0,basset,0.39333,
105,862096992088072192,66437,21840,13.0,chow,0.677589,
106,861383897657036800,37744,11528,13.0,cardigan,0.771008,
107,861005113778896900,17538,4119,12.0,german_shepherd,0.507951,
108,860563773140209665,7878,2334,13.0,cardigan,0.583936,
109,860524505164394496,24678,5698,13.0,bedlington_terrier,0.286558,
110,859924526012018688,20021,4349,12.0,french_bulldog,0.254587,
111,859851578198683649,16105,3780,13.0,labrador_retriever,0.899086,
112,859607811541651456,19476,1704,13.0,golden_retriever,0.8955290000000001,puppo
113,858843525470990336,16304,3771,13.0,golden_retriever,0.57812,doggo
114,858471635011153920,22640,5271,13.0,pembroke,0.987407,
115,858107933456039936,16524,3154,12.0,golden_retriever,0.863874,
116,857989990357356544,16952,2812,12.0,french_bulldog,0.43258,
117,857746408056729600,36021,11524,13.0,labrador_retriever,0.919832,
118,857393404942143489,6236,1785,13.0,malamute,0.8415969999999999,
119,857263160327368704,21041,4934,13.0,samoyed,0.998021,
120,857029823797047296,19910,4364,12.0,golden_retriever,0.968623,
121,856543823941562368,17135,3131,12.0,boston_bull,0.30691,
122,856282028240666624,29086,6841,14.0,chihuahua,0.8765430000000001,
123,855851453814013952,47844,19196,13.0,flat-coated_retriever,0.321676,puppo
124,855459453768019968,31657,8987,12.0,blenheim_spaniel,0.389513,
125,854732716440526848,24188,6690,12.0,pembroke,0.6955479999999999,
126,854482394044301312,31131,7608,13.0,chihuahua,0.26024200000000003,
127,854365224396361728,20046,5159,13.0,pembroke,0.90708,
128,854120357044912130,33911,8285,14.0,black-and-tan_coonhound,0.8548610000000001,pupper
129,853760880890318849,30414,6403,12.0,miniature_pinscher,0.29251900000000003,
130,853639147608842240,37198,11265,13.0,german_shepherd,0.509879,
131,852912242202992640,9658,2037,12.0,great_dane,0.7837649999999999,
132,852672615818899456,15939,2388,12.0,golden_retriever,0.7112350000000001,
133,852553447878664193,17492,3885,13.0,bloodhound,0.186498,
134,852189679701164033,12217,1741,12.0,bernese_mountain_dog,0.415374,
135,851591660324737024,17300,3819,11.0,cardigan,0.394507,
136,851224888060895234,22090,6350,13.0,standard_poodle,0.00568265,
137,850753642995093505,33348,10352,11.0,pug,0.996952,
138,850145622816686080,17519,4244,11.0,kelpie,0.10539,
139,850019790995546112,21944,5459,12.0,shetland_sheepdog,0.759907,pupper
140,849776966551130114,32390,8404,12.0,chihuahua,0.292092,
141,849412302885593088,17039,3487,12.0,schipperke,0.907559,
142,848690551926992896,27104,4826,12.0,flat-coated_retriever,0.8236479999999999,
143,848324959059550208,20229,4037,12.0,malamute,0.5445760000000001,
144,847842811428974592,5935,1522,12.0,bernese_mountain_dog,0.951337,
145,847606175596138505,20208,3774,12.0,cardigan,0.413688,
146,847251039262605312,22036,4800,12.0,airedale,0.49538,
147,847157206088847362,21588,6572,11.0,staffordshire_bullterrier,0.21960900000000005,
148,847116187444137987,23108,3583,11.0,american_staffordshire_terrier,0.113434,
149,846874817362120707,21685,4404,13.0,shetland_sheepdog,0.450539,
150,846514051647705089,48410,13076,13.0,golden_retriever,0.650003,doggo
151,846153765933735936,34394,10226,13.0,giant_schnauzer,0.346468,
152,846042936437604353,17256,3224,12.0,golden_retriever,0.96111,
153,845812042753855489,31737,9894,13.0,samoyed,0.979803,
154,845677943972139009,27154,5365,12.0,chow,0.8086810000000001,
155,845397057150107648,8241,2072,13.0,dandie_dinmont,0.394404,doggo
156,845306882940190720,25225,6039,12.0,irish_water_spaniel,0.567475,pupper
157,844973813909606400,16361,3617,12.0,labrador_retriever,0.742421,
158,844704788403113984,42022,11633,13.0,labrador_retriever,0.980213,
159,844223788422217728,14753,2450,12.0,labrador_retriever,0.71951,
160,843856843873095681,23211,5220,12.0,labrador_retriever,0.92254,
161,843604394117681152,18310,3081,11.0,labrador_retriever,0.430583,
162,843235543001513987,23315,6852,13.0,pembroke,0.958452,
163,842846295480000512,16440,4023,13.0,labrador_retriever,0.461076,
164,842765311967449089,7321,1439,12.0,labrador_retriever,0.0293399,
165,842535590457499648,19637,3937,13.0,pembroke,0.685084,
166,842163532590374912,26569,6568,12.0,french_bulldog,0.891227,
167,842115215311396866,15204,3386,12.0,chow,0.293493,
168,841680585030541313,27854,8748,12.0,chihuahua,0.547401,
169,841439858740625411,13755,4168,14.0,labrador_retriever,0.0481999,
170,841077006473256960,24926,5991,12.0,brittany_spaniel,0.962985,
171,840632337062862849,9761,1972,12.0,golden_retriever,0.711148,
172,840268004936019968,20950,6497,12.0,chesapeake_bay_retriever,0.8639870000000001,
173,839990271299457024,14640,2597,13.0,staffordshire_bullterrier,0.604938,
174,839549326359670784,29957,8805,12.0,norwich_terrier,0.05248,
175,839239871831150596,29684,7422,13.0,leonberg,0.927021,
176,838921590096166913,12183,2357,13.0,border_terrier,0.664538,
177,838561493054533637,11892,1504,13.0,kelpie,0.216562,
178,838476387338051585,24664,5484,13.0,great_pyrenees,0.997692,
179,838083903487373313,19183,3582,13.0,chow,0.800975,
180,837820167694528512,37277,8952,12.0,golden_retriever,0.887625,pupper
181,837471256429613056,13967,2631,12.0,norwegian_elkhound,0.976255,
182,837366284874571778,23074,6005,13.0,american_staffordshire_terrier,0.660085,
183,837110210464448512,17480,2731,13.0,siberian_husky,0.767696,pupper
184,836989968035819520,13879,2610,12.0,toy_poodle,0.005887300000000001,
185,836753516572119041,21029,5237,12.0,schipperke,0.0115635,doggo
186,836260088725786625,23177,4850,13.0,borzoi,0.564688,
187,836001077879255040,20924,4935,13.0,samoyed,0.963558,
188,835574547218894849,19447,4121,11.0,staffordshire_bullterrier,0.6106550000000001,
189,835297930240217089,17847,3381,12.0,rottweiler,0.341276,
190,835264098648616962,8503,1939,12.0,chesapeake_bay_retriever,0.0875033,
191,835172783151792128,28552,6516,12.0,border_collie,0.663138,
192,834931633769889797,11838,1878,12.0,soft-coated_wheaten_terrier,0.196476,
193,834786237630337024,22943,6159,13.0,border_terrier,0.156276,
194,834574053763584002,14993,2882,13.0,golden_retriever,0.226564,doggo
195,834458053273591808,10512,1899,12.0,rhodesian_ridgeback,0.468619,
196,834209720923721728,22594,5476,12.0,golden_retriever,0.754799,
197,834086379323871233,14296,2512,12.0,labrador_retriever,0.0452627,
198,833863086058651648,14661,2729,12.0,kuvasz,0.494969,
199,833826103416520705,16728,3904,13.0,chihuahua,0.438054,
200,833722901757046785,22585,3636,13.0,west_highland_white_terrier,0.918144,
201,833479644947025920,16258,2357,13.0,golden_retriever,0.727039,
202,833124694597443584,22133,5513,12.0,cardigan,0.7105229999999999,pupper
203,832998151111966721,14549,2522,13.0,boxer,0.539036,doggo
204,832757312314028032,18423,4127,13.0,cardigan,0.160888,
205,832636094638288896,17379,3220,12.0,eskimo_dog,0.5250319999999999,
206,832397543355072512,13126,2548,12.0,pekinese,0.988916,
207,832369877331693569,18792,3652,11.0,kelpie,0.50469,
208,832032802820481025,13887,4746,12.0,whippet,0.601712,doggo
209,831939777352105988,26404,7031,12.0,pomeranian,0.153862,doggo
210,831911600680497154,30380,7458,14.0,bloodhound,0.777562,
211,831670449226514432,11469,2059,13.0,pembroke,0.6248020000000001,
212,831650051525054464,7908,2243,13.0,eskimo_dog,0.530416,
213,831552930092285952,9872,2632,13.0,chihuahua,0.257415,
214,831322785565769729,10042,1744,12.0,old_english_sheepdog,0.999715,doggo
215,831315979191906304,7117,1264,13.0,briard,0.982755,pupper
216,831309418084069378,12819,2786,12.0,doberman,0.369389,
217,831262627380748289,13066,2350,12.0,cocker_spaniel,0.26332300000000003,
218,830583320585068544,73397,19297,13.0,labrador_retriever,0.908703,
219,830097400375152640,10804,3455,13.0,toy_poodle,0.442713,
220,829861396166877184,13441,2243,12.0,border_terrier,0.394486,
221,829501995190984704,34913,12224,12.0,french_bulldog,0.950851,
222,829449946868879360,11519,2329,11.0,labrador_retriever,0.315163,doggo
223,829374341691346946,38074,10706,13.0,staffordshire_bullterrier,0.757547,doggo
224,829141528400556032,26952,8530,12.0,golden_retriever,0.57314,
225,829011960981237760,58302,18627,13.0,boxer,0.312221,
226,828770345708580865,28085,6746,13.0,chesapeake_bay_retriever,0.0338986,
227,828708714936930305,40241,12882,10.0,mexican_hairless,0.00838837,
228,828650029636317184,10467,1544,14.0,golden_retriever,0.649209,
229,828409743546925057,6898,1305,12.0,toy_poodle,0.0180398,
230,828408677031882754,8398,1477,12.0,weimaraner,0.13303299999999998,
231,828381636999917570,13864,2554,14.0,bedlington_terrier,0.392535,doggo
232,828376505180889089,8112,1216,13.0,american_staffordshire_terrier,0.5230859999999999,
233,828372645993398273,13756,3344,12.0,malamute,0.663047,
234,828011680017821696,11411,2451,11.0,american_staffordshire_terrier,0.936662,
235,827933404142436356,22180,5987,12.0,german_shepherd,0.8061149999999999,pupper
236,827653905312006145,16983,3433,12.0,collie,0.285555,
237,827600520311402496,8143,1082,13.0,pembroke,0.32563800000000004,
238,827324948884643840,17523,3510,12.0,golden_retriever,0.352486,
239,827199976799354881,11659,2579,13.0,great_dane,0.8696809999999999,
240,826958653328592898,23767,5757,12.0,golden_retriever,0.6173890000000001,doggo
241,826848821049180160,40325,11878,13.0,great_pyrenees,0.858764,doggo
242,826598365270007810,11117,2709,13.0,french_bulldog,0.628119,
243,826476773533745153,20275,4821,12.0,german_shepherd,0.7418600000000001,doggo
244,826240494070030336,14614,2965,11.0,french_bulldog,0.903048,
245,826204788643753985,5361,1075,13.0,labrador_retriever,0.782058,doggo
246,826115272272650244,17299,3599,13.0,golden_retriever,0.00233085,
247,825829644528148480,14025,2848,12.0,great_pyrenees,0.8534069999999999,
248,825535076884762624,56413,19669,14.0,rottweiler,0.681495,puppo
249,825147591692263424,20181,5244,13.0,pekinese,0.354823,
250,825026590719483904,7020,1483,12.0,eskimo_dog,0.524454,puppo
251,824775126675836928,16508,4069,12.0,border_terrier,0.610499,
252,824663926340194305,11113,1993,13.0,english_setter,0.526488,
253,824325613288833024,12999,11848,13.0,pembroke,0.990793,pupper
254,823939628516474880,11755,3123,12.0,schipperke,0.23407600000000006,
255,823699002998870016,13826,2772,12.0,cairn,0.203999,
256,823581115634085888,14376,3031,11.0,german_shepherd,0.194044,
257,823322678127919110,17437,4637,11.0,chihuahua,0.00183635,
258,822975315408461824,19139,3958,12.0,pembroke,0.233162,
259,822872901745569793,132810,48265,13.0,lakeland_terrier,0.196015,puppo
260,822859134160621569,14576,2622,12.0,malinois,0.332897,
261,822610361945911296,16327,3423,12.0,cocker_spaniel,0.6644869999999999,
262,822489057087389700,20083,7390,13.0,samoyed,0.416769,
263,822462944365645825,31800,17209,14.0,pomeranian,0.960199,pupper
264,822244816520155136,38832,11421,11.0,samoyed,0.585441,
265,821886076407029760,12582,2692,13.0,golden_retriever,0.26623800000000003,
266,821765923262631936,9317,1899,13.0,golden_retriever,0.980071,doggo
267,821522889702862852,8871,2030,13.0,doberman,0.7635390000000001,
268,821107785811234820,10645,2487,11.0,pomeranian,0.85659,doggo
269,821044531881721856,14021,2636,12.0,old_english_sheepdog,0.14802,
270,820749716845686786,34984,11525,13.0,golden_retriever,0.8380120000000001,
271,820314633777061888,3706,648,14.0,gordon_setter,0.940724,
272,819952236453363712,5927,1369,13.0,american_staffordshire_terrier,0.925505,puppo
273,819711362133872643,14916,3604,11.0,toy_poodle,0.0220094,
274,819588359383371776,10606,2271,13.0,cardigan,0.5479350000000001,
275,819347104292290561,8008,1383,12.0,rottweiler,0.909106,
276,819227688460238848,25652,7733,12.0,border_terrier,0.4824520000000001,
277,819004803107983360,95450,42228,14.0,standard_poodle,0.351308,doggo
278,818627210458333184,24597,8564,13.0,labrador_retriever,0.384188,
279,818614493328580609,10971,2982,12.0,chihuahua,0.450722,
280,818536468981415936,12127,2873,11.0,welsh_springer_spaniel,6.229489999999999e-05,
281,818259473185828864,12197,2621,12.0,miniature_schnauzer,0.367368,
282,818145370475810820,13671,3014,11.0,golden_retriever,0.621931,
283,817536400337801217,13105,3505,12.0,pug,0.971358,
284,817415592588222464,6267,1131,11.0,doberman,0.806163,
285,817171292965273600,9690,2326,13.0,golden_retriever,0.295483,
286,817120970343411712,13367,3011,13.0,saluki,0.568809,
287,817056546584727552,9517,1927,11.0,kelpie,0.8644149999999999,
288,816816676327063552,11071,2361,12.0,malamute,0.668164,
289,816697700272001025,10905,2545,12.0,chihuahua,0.756992,
290,816336735214911488,9564,2269,11.0,labrador_retriever,0.91933,
291,816091915477250048,9927,2500,12.0,pomeranian,0.967345,
292,815990720817401858,5545,1207,11.0,chihuahua,0.428756,
293,815736392542261248,10937,2625,11.0,border_collie,0.5489069999999999,
294,815639385530101762,9161,1918,12.0,german_shepherd,0.8179529999999999,
295,814986499976527872,8485,1505,11.0,dalmatian,0.999828,pupper
296,814638523311648768,12511,3130,12.0,golden_retriever,0.650814,
297,814530161257443328,9629,2156,12.0,miniature_poodle,0.626913,
298,814153002265309185,32000,10080,12.0,golden_retriever,0.490068,
299,813910438903693312,10342,2194,11.0,siberian_husky,0.6993550000000001,doggo
300,813812741911748608,40402,16267,14.0,french_bulldog,0.709146,
301,813800681631023104,9300,2060,12.0,malamute,0.501159,
302,813217897535406080,20783,8476,13.0,samoyed,0.905972,
303,813202720496779264,10192,2090,11.0,cocker_spaniel,0.701852,doggo
304,813187593374461952,22085,5096,13.0,golden_retriever,0.888181,
305,813172488309972993,10384,2236,12.0,golden_retriever,0.0261931,
306,813157409116065792,8588,2557,12.0,pembroke,0.07056710000000001,
307,813142292504645637,9361,2728,13.0,beagle,0.848735,
308,813127251579564032,13242,3652,11.0,norwegian_elkhound,0.432416,doggo
309,813112105746448384,11515,3225,12.0,pembroke,0.140682,
310,813096984823349248,11694,4207,11.0,great_dane,0.128056,doggo
311,813081950185472002,10989,3220,11.0,doberman,0.909951,
312,813066809284972545,8865,2276,12.0,toy_terrier,0.7764,
313,813051746834595840,23337,8503,13.0,golden_retriever,0.914804,
314,812781120811126785,8380,2191,10.0,bull_mastiff,0.989316,
315,812709060537683968,7373,1665,12.0,irish_setter,0.326873,
316,812466873996607488,8900,2231,12.0,great_dane,0.0782055,
317,812372279581671427,15224,4252,13.0,golden_retriever,0.7848729999999999,
318,811985624773361665,8102,1647,11.0,staffordshire_bullterrier,0.6105729999999999,
319,811744202451197953,8429,1884,13.0,pekinese,0.386082,
320,811627233043480576,14265,3650,10.0,beagle,0.39628,
321,811386762094317568,23302,7444,11.0,pembroke,0.804177,pupper
322,810896069567610880,10093,2090,11.0,flat-coated_retriever,0.8208040000000001,
323,810657578271330305,12192,3057,11.0,malamute,0.753521,
324,810284430598270976,39640,13369,13.0,malamute,0.620768,
325,810254108431155201,16380,3901,12.0,staffordshire_bullterrier,0.292556,
326,809920764300447744,17250,4521,10.0,norwich_terrier,0.397163,
327,809448704142938112,7727,1696,12.0,greater_swiss_mountain_dog,0.375415,
328,809220051211603969,22246,6554,12.0,pomeranian,0.8195110000000001,
329,809084759137812480,14685,4046,11.0,vizsla,0.911412,
330,808838249661788160,11271,3536,13.0,rottweiler,0.36953,
331,808733504066486276,8784,2509,12.0,toy_poodle,0.0369271,pupper
332,808501579447930884,12595,3007,12.0,airedale,0.4542390000000001,
333,808001312164028416,14015,4098,12.0,labrador_retriever,0.730959,
334,807621403335917568,16236,4288,14.0,golden_retriever,0.873233,pupper
335,807010152071229440,14514,4418,12.0,golden_retriever,0.610807,
336,806629075125202948,75639,37911,13.0,cocker_spaniel,0.0464032,
337,806542213899489280,11363,2752,11.0,vizsla,0.938617,
338,806219024703037440,7145,1388,11.0,chow,0.835102,
339,805932879469572096,9178,2209,12.0,norwegian_elkhound,0.657967,
340,805520635690676224,6368,1905,13.0,malinois,0.643147,
341,805207613751304193,8680,1972,12.0,pembroke,0.244705,
342,804738756058218496,15326,4480,12.0,tibetan_mastiff,0.91579,
343,803773340896923648,11203,3220,12.0,miniature_pinscher,0.817066,puppo
344,803276597545603072,11207,2887,11.0,pembroke,0.457086,
345,802952499103731712,10085,2336,12.0,chow,0.944032,
346,802572683846291456,9959,2926,12.0,golden_retriever,0.610171,
347,802239329049477120,10132,3040,12.0,eskimo_dog,0.482498,puppo
348,801958328846974976,8608,1992,12.0,staffordshire_bullterrier,0.327887,
349,801538201127157760,9141,2391,12.0,pembroke,0.550506,
350,801167903437357056,27386,6961,13.0,cocker_spaniel,0.74022,
351,801115127852503040,8992,2429,12.0,dalmatian,0.823356,pupper
352,800751577355128832,11701,3214,12.0,cocker_spaniel,0.771984,
353,800513324630806528,14685,3495,11.0,pembroke,0.8289040000000001,
354,800388270626521089,12456,3265,12.0,golden_retriever,0.35986,floofer
355,800141422401830912,17092,2980,13.0,golden_retriever,0.938048,
356,799757965289017345,9390,2506,13.0,border_collie,0.442534,doggo
357,799422933579902976,8965,2213,12.0,miniature_pinscher,0.58363,
358,799297110730567681,11065,3227,11.0,malamute,0.985028,
359,799063482566066176,9058,2863,11.0,norfolk_terrier,0.334436,
360,798933969379225600,14712,5203,12.0,siberian_husky,0.703224,
361,798925684722855936,8246,1663,11.0,west_highland_white_terrier,0.539463,
362,798209839306514432,11548,2954,13.0,pekinese,0.524583,
363,797971864723324932,13018,3652,12.0,american_staffordshire_terrier,0.489845,pupper
364,797545162159308800,16198,5656,12.0,pembroke,0.954089,
365,797236660651966464,22328,7726,12.0,collie,0.767005,
366,796865951799083009,8564,2198,12.0,cardigan,0.8391290000000001,
367,796759840936919040,13256,3562,11.0,american_staffordshire_terrier,0.463996,
368,796484825502875648,8472,2042,12.0,cocker_spaniel,0.116924,doggo
369,796387464403357696,12334,4861,12.0,pekinese,0.461164,
370,796149749086875649,36177,16628,11.0,golden_retriever,0.600276,
371,796116448414461957,10139,2813,11.0,cardigan,0.700182,
372,796080075804475393,9469,2703,12.0,chow,0.973846,
373,796031486298386433,12071,4284,13.0,golden_retriever,0.893775,
374,795400264262053889,11270,3323,12.0,golden_retriever,0.925494,
375,794926597468000259,11492,2697,12.0,toy_poodle,0.0376618,
376,794332329137291264,10686,3088,12.0,samoyed,0.988307,
377,793962221541933056,18910,5711,12.0,labrador_retriever,0.8616510000000001,
378,793845145112371200,10295,2187,13.0,old_english_sheepdog,0.7652770000000001,
379,793601777308463104,8926,1908,12.0,miniature_pinscher,0.538981,
380,793500921481273345,11953,2786,12.0,golden_retriever,0.326122,
381,793286476301799424,27597,10723,13.0,afghan_hound,0.274637,
382,793271401113350145,9677,2763,12.0,siberian_husky,0.231695,
383,793256262322548741,22350,9714,12.0,basset,0.207622,
384,793241302385262592,11780,3812,13.0,golden_retriever,0.559308,
385,793226087023144960,11001,3338,11.0,wire-haired_fox_terrier,0.456047,
386,793210959003287553,9997,3301,10.0,french_bulldog,0.0187591,
387,793195938047070209,17063,6547,12.0,labrador_retriever,0.654762,puppo
388,793180763617361921,7740,2310,11.0,lakeland_terrier,0.266824,
389,793165685325201412,10478,3238,12.0,golden_retriever,0.946224,
390,793150605191548928,6909,1984,11.0,italian_greyhound,0.193869,
391,793120401413079041,14202,4551,11.0,labrador_retriever,0.7249439999999999,
392,792883833364439040,12666,4964,12.0,standard_poodle,8.31451e-05,
393,792773781206999040,8209,1963,12.0,yorkshire_terrier,0.912804,
394,792394556390137856,15128,4998,12.0,cocker_spaniel,0.746387,
395,792050063153438720,8029,2088,11.0,komondor,0.942856,
396,791672322847637504,13129,3661,13.0,golden_retriever,0.705092,
397,791406955684368384,14670,4797,12.0,pembroke,0.972629,
398,791312159183634433,9841,2963,12.0,miniature_pinscher,0.892925,
399,790987426131050500,11089,2483,12.0,cocker_spaniel,0.349195,
400,790946055508652032,18601,5496,12.0,golden_retriever,0.245773,puppo
401,790698755171364864,9158,2203,12.0,bernese_mountain_dog,0.996541,
402,790581949425475584,22473,8183,11.0,malinois,0.000152999,
403,790337589677002753,8740,2167,12.0,pembroke,0.658808,
404,790277117346975746,14081,3732,11.0,labrador_retriever,0.427742,
405,789986466051088384,10369,2704,12.0,golden_retriever,0.07853049999999999,
406,789628658055020548,8448,2080,13.0,chow,0.260702,
407,789599242079838210,7620,2279,12.0,chesapeake_bay_retriever,0.8788219999999999,
408,789530877013393408,13188,3942,12.0,schipperke,0.363272,
409,789268448748703744,10196,3014,10.0,malamute,0.81286,
410,789137962068021249,10875,3244,12.0,chihuahua,0.746135,
411,788908386943430656,30653,14409,11.0,golden_retriever,0.0340897,
412,788765914992902144,30658,12014,12.0,cocker_spaniel,0.500509,
413,788412144018661376,16060,5990,11.0,golden_retriever,0.805238,
414,788178268662984705,8100,2488,13.0,samoyed,0.73548,
415,788150585577050112,6865,1510,13.0,chow,0.814145,
416,787810552592695296,9717,3540,11.0,pug,0.362835,
417,787717603741622272,11416,3240,13.0,german_shepherd,0.992339,puppo
418,787397959788929025,12120,3300,11.0,chihuahua,0.900483,
419,787322443945877504,8726,2032,10.0,golden_retriever,0.105703,
420,786963064373534720,29725,9327,12.0,golden_retriever,0.915303,
421,786664955043049472,11957,2996,12.0,leonberg,0.512034,
422,786595970293370880,10497,3601,11.0,pembroke,0.709512,
423,786363235746385920,12189,4072,13.0,golden_retriever,0.929266,doggo
424,786233965241827333,17178,5571,11.0,labrador_retriever,0.478193,
425,785927819176054784,12696,3652,12.0,toy_poodle,0.00849262,
426,785533386513321988,10183,2334,11.0,miniature_pinscher,0.436023,
427,785264754247995392,8128,1911,12.0,chow,0.056137,
428,785170936622350336,13491,5639,11.0,eskimo_dog,0.0274944,
429,784826020293709826,11310,3712,13.0,chow,0.0903414,
430,784517518371221505,10039,2970,11.0,malamute,0.757764,
431,784431430411685888,6329,1491,12.0,miniature_poodle,0.744819,
432,783821107061198850,8209,2269,12.0,lakeland_terrier,0.26565900000000003,
433,783695101801398276,11650,3737,12.0,chow,0.314265,
434,783466772167098368,9468,2608,11.0,chihuahua,0.789,
435,783391753726550016,18908,6441,13.0,norwegian_elkhound,0.87713,
436,783334639985389568,32651,13616,12.0,cardigan,0.593858,
437,783085703974514689,9112,2565,11.0,chesapeake_bay_retriever,0.240602,
438,782969140009107456,26949,8521,12.0,golden_retriever,0.17139300000000002,
439,782747134529531904,8310,1604,11.0,golden_retriever,0.560699,doggo
440,782722598790725632,19250,6238,10.0,irish_setter,0.574557,
441,782598640137187329,8694,2184,11.0,malamute,0.8408709999999999,
442,782305867769217024,18630,6470,12.0,briard,0.5044270000000001,doggo
443,781524693396357120,23163,6426,12.0,chesapeake_bay_retriever,0.0035225,
444,781251288990355457,9428,2458,11.0,mexican_hairless,0.8877709999999999,
445,781163403222056960,10895,3168,10.0,shetland_sheepdog,0.973841,
446,780858289093574656,8033,2328,10.0,chesapeake_bay_retriever,0.488555,
447,780800785462489090,6141,1505,11.0,siberian_husky,0.951963,
448,780601303617732608,13525,3839,12.0,saint_bernard,0.995143,
449,780543529827336192,7040,2032,12.0,golden_retriever,0.628312,
450,780459368902959104,5892,1224,11.0,great_dane,0.382491,
451,780192070812196864,9712,2589,11.0,vizsla,0.144012,
452,779834332596887552,21252,8237,11.0,golden_retriever,0.99383,
453,779123168116150273,13206,4207,12.0,toy_poodle,0.43108,
454,779056095788752897,16500,5247,13.0,chihuahua,0.721188,
455,778990705243029504,22342,8437,11.0,cocker_spaniel,0.7153510000000001,
456,778748913645780993,7717,1562,11.0,staffordshire_bullterrier,0.351434,
457,778650543019483137,6430,1729,10.0,german_shepherd,0.515699,
458,778624900596654080,5177,1176,11.0,airedale,0.786089,
459,778408200802557953,15135,5023,14.0,pembroke,0.8483620000000001,
460,778383385161035776,6515,1271,13.0,collie,0.345266,
461,778286810187399168,11576,3836,11.0,boston_bull,0.32207,
462,778039087836069888,9417,3065,12.0,german_shepherd,0.717776,pupper
463,778027034220126208,7320,1885,11.27,clumber,0.946718,pupper
464,777684233540206592,12518,3403,12.0,cocker_spaniel,0.253442,
465,777621514455814149,9742,2910,12.0,chow,0.999823,
466,777189768882946048,15921,4999,12.0,chihuahua,0.988412,
467,776813020089548800,5444,1405,12.0,toy_poodle,0.51661,
468,776477788987613185,9858,3249,11.0,labrador_retriever,0.8848389999999999,pupper
469,776218204058357768,33345,18497,13.0,samoyed,0.940326,floofer
470,776201521193218049,10681,2919,10.0,rottweiler,0.502228,
471,776088319444877312,2045,179,10.0,pug,7.657020000000001e-05,
472,775842724423557120,13022,3116,12.0,chow,0.520022,
473,775364825476165632,8295,3472,11.0,beagle,0.571229,doggo
474,775085132600442880,17281,5488,13.0,chow,0.316565,
475,774757898236878852,9462,2035,12.0,toy_poodle,0.7199409999999999,
476,774639387460112384,7508,2013,10.0,walker_hound,0.6275930000000001,
477,774314403806253056,24167,6478,14.0,eskimo_dog,0.5960449999999999,
478,773985732834758656,11925,4492,11.0,pug,0.10957,pupper
479,773922284943896577,7110,1999,12.0,pomeranian,0.554331,
480,773704687002451968,7317,1891,12.0,silky_terrier,0.324251,
481,773670353721753600,5935,1501,10.0,old_english_sheepdog,0.969311,
482,773547596996571136,24553,7126,11.0,norwegian_elkhound,0.372202,pupper
483,773308824254029826,25846,8640,12.0,labrador_retriever,0.151406,
484,773247561583001600,10414,3699,10.0,miniature_pinscher,0.08336879999999999,
485,773191612633579521,11117,4736,12.0,blenheim_spaniel,0.427766,
486,772826264096874500,8842,2669,11.0,basset,0.915351,
487,772581559778025472,7192,1968,10.0,newfoundland,0.574345,
488,772193107915964416,6665,1612,12.0,pembroke,0.367945,pupper
489,772152991789019136,4181,1300,10.0,golden_retriever,0.275318,
490,772117678702071809,4165,848,12.0,labrador_retriever,0.217821,
491,772114945936949249,3005,546,10.0,chihuahua,0.803293,
492,772102971039580160,4448,1065,11.0,pembroke,0.54178,
493,771770456517009408,13356,3924,11.0,papillon,0.53318,
494,771500966810099713,9167,3018,12.0,labrador_retriever,0.833952,
495,771380798096281600,11746,5912,11.0,collie,0.503728,
496,771136648247640064,10223,3357,11.0,golden_retriever,0.297402,
497,771102124360998913,6898,1663,12.0,labrador_retriever,0.568789,
498,770787852854652928,5498,1415,10.0,bernese_mountain_dog,0.787812,
499,770772759874076672,5749,1626,11.0,chow,0.979515,
500,770414278348247044,6987,2390,11.0,golden_retriever,0.0535696,
501,770293558247038976,6923,1718,10.0,italian_greyhound,0.931668,
502,770069151037685760,8385,2651,10.0,boston_bull,0.414965,
503,769940425801170949,34948,11131,12.0,miniature_pinscher,0.796313,
504,769695466921623552,7101,1926,13.0,pug,0.407117,
505,769212283578875904,5980,1969,12.0,golden_retriever,0.16653800000000002,
506,768855141948723200,4660,1034,11.0,chow,0.7202189999999999,
507,768609597686943744,4580,1382,10.0,basenji,0.183283,
508,768596291618299904,5592,1473,12.0,great_pyrenees,0.729745,
509,768473857036525572,15110,3958,11.0,labrador_retriever,0.73917,
510,767754930266464257,17814,6221,11.0,vizsla,0.307794,
511,767500508068192258,8295,2688,12.0,chow,0.483228,
512,767122157629476866,11227,3261,13.0,toy_poodle,0.873841,
513,766793450729734144,5650,1565,10.0,beagle,0.451697,
514,766693177336135680,4484,918,11.0,doberman,0.948355,
515,766313316352462849,7493,2166,12.0,toy_poodle,0.966896,
516,766069199026450432,4765,1003,12.0,redbone,0.484855,
517,766008592277377025,4149,571,11.0,welsh_springer_spaniel,0.7281529999999999,
518,765719909049503744,8021,2475,12.0,golden_retriever,0.969518,
519,765669560888528897,5760,1407,12.0,beagle,0.993333,
520,765395769549590528,20539,3127,13.0,pembroke,0.509491,
521,765371061932261376,7842,2475,11.0,golden_retriever,0.829456,pupper
522,765222098633691136,12902,3914,10.0,dalmatian,0.556595,
523,764857477905154048,7099,2029,12.0,bernese_mountain_dog,0.7920590000000001,
524,764259802650378240,6718,1745,10.0,german_shepherd,0.973677,
525,763837565564780549,14041,4858,11.0,malamute,0.375098,
526,763103485927849985,8163,2602,10.0,chow,0.0390848,
527,762699858130116608,13518,4190,11.0,kelpie,0.519047,
528,762464539388485633,11503,4839,12.0,chow,0.999953,
529,761976711479193600,5992,2310,12.0,labrador_retriever,0.475552,
530,761599872357261312,4578,1336,11.0,gordon_setter,0.240427,
531,761334018830917632,5792,1669,10.0,norwegian_elkhound,0.8229360000000001,
532,761292947749015552,4957,1265,11.0,standard_poodle,0.6608930000000001,
533,761227390836215808,5908,1775,10.0,french_bulldog,0.280802,
534,761004547850530816,12482,3952,11.0,golden_retriever,0.735163,
535,760893934457552897,4228,1104,11.0,blenheim_spaniel,0.113992,doggo
536,760656994973933572,7343,2210,11.0,golden_retriever,0.760546,
537,760539183865880579,8399,4168,12.0,samoyed,0.988013,
538,759923798737051648,16284,6521,10.0,labrador_retriever,0.324579,
539,759846353224826880,7433,2265,11.0,sussex_spaniel,0.355395,
540,759557299618865152,5202,1341,10.0,golden_retriever,0.763333,
541,759447681597108224,9418,2827,11.0,kuvasz,0.223148,
542,759197388317847553,6725,2221,12.0,kuvasz,0.5113409999999999,
543,759047813560868866,7227,2302,11.0,labrador_retriever,0.778546,
544,758854675097526272,3904,1027,11.0,old_english_sheepdog,0.0237914,
545,758828659922702336,12376,4376,13.0,chesapeake_bay_retriever,0.480048,doggo
546,758740312047005698,6339,1824,12.0,chesapeake_bay_retriever,0.848514,
547,758474966123810816,4227,1132,11.0,pembroke,0.546145,
548,758405701903519748,5756,2204,10.0,chesapeake_bay_retriever,0.702954,
549,758355060040593408,3797,1245,11.0,pembroke,0.987643,
550,757741869644341248,7613,3710,10.0,old_english_sheepdog,0.128899,
551,757725642876129280,5022,1391,11.0,labrador_retriever,0.128128,
552,757611664640446465,5026,1272,12.0,bluetick,0.829259,
553,757400162377592832,16743,7759,13.0,golden_retriever,0.0878003,
554,757393109802180609,6462,2009,10.0,labrador_retriever,0.787125,doggo
555,756998049151549440,6923,2271,11.0,golden_retriever,0.678555,
556,756939218950160384,7342,2295,12.0,golden_retriever,0.790371,pupper
557,756651752796094464,5612,1511,11.0,pembroke,0.294808,
558,756303284449767430,4359,1231,11.0,golden_retriever,0.981652,
559,756288534030475264,28519,15071,12.0,french_bulldog,0.032492200000000006,
560,756275833623502848,7114,1738,10.0,airedale,0.602957,puppo
561,754856583969079297,7616,2870,11.0,golden_retriever,0.8723850000000001,
562,754449512966619136,4147,846,11.0,beagle,0.858513,
563,754120377874386944,8655,2670,10.0,chow,0.168909,
564,754011816964026368,9726,4079,12.0,french_bulldog,0.600985,
565,753655901052166144,6458,2492,10.0,miniature_pinscher,0.456092,
566,753294487569522689,3758,1191,11.0,chow,0.194773,
567,753026973505581056,4283,1109,10.0,pembroke,0.868511,
568,752917284578922496,7592,1790,11.0,german_shepherd,0.609283,
569,752682090207055872,6642,1846,10.0,german_shepherd,0.299966,doggo
570,752660715232722944,4878,1794,10.0,english_setter,0.0505118,doggo
571,752519690950500352,8157,3917,11.0,labrador_retriever,1.00288e-05,puppo
572,752173152931807232,6569,2106,12.0,labrador_retriever,0.527659,
573,751937170840121344,5770,1530,11.0,lakeland_terrier,0.4241680000000001,
574,751830394383790080,6428,2227,12.0,chow,0.703569,
575,751598357617971201,8699,3440,13.0,toy_poodle,0.757756,
576,751538714308972544,5547,1445,10.0,labrador_retriever,0.516257,
577,751205363882532864,6948,2086,12.0,labrador_retriever,0.947164,
578,751132876104687617,5610,1480,10.0,labrador_retriever,0.92939,puppo
579,750868782890057730,5306,1595,11.0,toy_poodle,0.912648,pupper
580,750719632563142656,14621,5747,12.0,pembroke,0.972587,
581,750429297815552001,14569,4947,12.0,golden_retriever,0.964929,
582,750147208377409536,3409,1095,13.0,pug,0.977765,
583,750132105863102464,3990,1440,11.0,toy_poodle,0.4780180000000001,
584,750117059602808832,4740,1466,10.0,shih-tzu,0.814405,
585,750101899009982464,3344,959,11.0,golden_retriever,0.316704,
586,750086836815486976,2383,613,12.0,pug,0.978277,
587,750071704093859840,8653,3802,10.0,redbone,0.382113,pupper
588,750056684286914561,3444,1011,11.0,saluki,0.484428,
589,750041628174217216,3502,703,13.0,labrador_retriever,0.252031,
590,750026558547456000,2986,888,10.0,standard_poodle,0.258732,
591,750011400160841729,3568,1035,11.0,boston_bull,0.0871498,doggo
592,749996283729883136,3331,919,12.0,old_english_sheepdog,0.515319,
593,749774190421639168,5114,1493,12.0,pekinese,0.8790120000000001,
594,749417653287129088,6721,1904,11.0,papillon,0.772894,pupper
595,749403093750648834,2892,622,10.0,chesapeake_bay_retriever,0.694541,
596,749395845976588288,9488,3951,10.0,pomeranian,0.973715,
597,749064354620928000,5277,1714,11.0,pug,0.985222,
598,748977405889503236,11235,3759,10.0,german_short-haired_pointer,0.742216,
599,748932637671223296,6461,2564,13.0,borzoi,0.742912,doggo
600,748699167502000129,5213,1814,11.0,pembroke,0.849029,
601,748346686624440324,5735,1413,10.0,borzoi,0.5964550000000001,
602,748324050481647620,4078,867,11.0,shetland_sheepdog,0.880499,
603,747963614829678593,6397,2444,10.0,kelpie,0.307672,pupper
604,747933425676525569,7310,2894,11.0,samoyed,0.998201,
605,747844099428986880,3084,851,11.0,pembroke,0.360428,
606,747600769478692864,2545,619,10.0,chesapeake_bay_retriever,0.804363,
607,747594051852075008,4065,1205,11.0,basenji,0.389136,
608,747512671126323200,6110,1803,10.0,cardigan,0.111493,
609,747219827526344708,5792,1791,11.0,shetland_sheepdog,0.548018,
610,747103485104099331,10534,4548,11.0,labrador_retriever,0.991954,
611,746872823977771008,6593,2429,11.0,pembroke,0.540201,
612,746790600704425984,5345,1806,10.0,boston_bull,0.936183,
613,746726898085036033,6648,2037,12.0,golden_retriever,0.25650500000000004,
614,746507379341139972,5094,1226,10.0,toy_poodle,0.508292,
615,746131877086527488,7565,2511,10.0,chow,0.575637,
616,746056683365994496,3904,931,11.0,shetland_sheepdog,0.43332,
617,745789745784041472,4437,1207,10.0,pekinese,0.984267,
618,745433870967832576,7824,2894,10.0,basset,1.44895e-05,doggo
619,745057283344719872,7945,2585,12.0,shetland_sheepdog,0.963985,
620,744971049620602880,8652,3042,12.0,toy_poodle,0.497755,
621,744709971296780288,6150,1771,10.0,shetland_sheepdog,0.234431,
622,744334592493166593,7443,2412,11.0,samoyed,0.960543,
623,743980027717509120,4551,1231,11.0,bull_mastiff,0.97573,
624,743895849529389061,3999,1087,10.0,dalmatian,0.562315,
625,743609206067040256,4917,1560,10.0,weimaraner,0.982794,
626,743545585370791937,3863,1066,11.0,standard_poodle,0.06058350000000001,
627,743253157753532416,4624,1366,10.0,malamute,0.442612,puppo
628,743222593470234624,6792,2164,12.0,kuvasz,0.350629,pupper
629,743210557239623680,4215,1560,10.0,golden_retriever,0.930705,
630,742423170473463808,10812,4319,12.0,pug,0.99731,
631,742385895052087300,7457,2266,11.0,cardigan,0.5669109999999999,
632,741793263812808706,4982,1698,10.0,kuvasz,0.311325,
633,741743634094141440,8945,3144,11.0,labrador_retriever,0.786089,pupper
634,741303864243200000,9631,3650,12.0,chihuahua,0.7681560000000001,
635,740995100998766593,7018,3154,10.0,malamute,0.454363,
636,740676976021798912,19881,7724,11.0,norwegian_elkhound,0.275225,pupper
637,740214038584557568,7335,2220,10.0,chesapeake_bay_retriever,0.586414,
638,739979191639244800,21898,6719,12.0,irish_water_spaniel,0.2858,
639,739932936087216128,4443,1217,10.0,redbone,0.243904,
640,739844404073074688,4138,966,12.0,toy_poodle,0.342397,
641,739544079319588864,43694,24319,10.0,labrador_retriever,0.967397,
642,738885046782832640,4127,1283,11.0,american_staffordshire_terrier,0.0155351,
643,738883359779196928,3661,917,10.0,labrador_retriever,0.691137,
644,738537504001953792,5575,1759,11.0,chow,0.808737,puppo
645,738402415918125056,3599,955,10.0,cocker_spaniel,0.346695,
646,738166403467907072,9635,3828,12.0,keeshond,0.8788860000000001,
647,738156290900254721,2768,748,10.0,pug,0.751758,
648,737826014890496000,5757,2006,10.0,vizsla,0.990391,
649,737800304142471168,10943,3904,10.0,malamute,0.374682,
650,737678689543020544,5528,1509,11.0,pembroke,0.935307,
651,737445876994609152,11302,5048,13.0,samoyed,0.400568,floofer
652,736736130620620800,4736,1972,13.0,schipperke,0.545502,
653,736365877722001409,4367,1408,11.0,toy_poodle,0.082606,pupper
654,736225175608430592,8901,3115,10.0,labrador_retriever,0.399217,
655,736010884653420544,8652,3355,10.0,golden_retriever,0.553901,
656,735991953473572864,3934,1283,11.0,cocker_spaniel,0.961643,
657,735648611367784448,4397,1237,12.0,pembroke,0.462594,pupper
658,735635087207878657,6776,2659,11.0,pug,0.8918709999999999,
659,734912297295085568,2993,572,10.0,maltese_dog,0.847292,
660,734787690684657664,13745,7102,13.0,golden_retriever,0.883991,
661,734776360183431168,2742,608,11.0,siberian_husky,0.304902,
662,733828123016450049,3926,881,10.0,beagle,0.472324,
663,733822306246479872,4015,1141,10.0,lhasa,0.457356,floofer
664,733482008106668032,3438,1065,10.0,french_bulldog,0.619382,
665,733460102733135873,4605,1451,11.0,chow,0.931275,
666,732732193018155009,2671,599,12.0,staffordshire_bullterrier,0.127969,
667,732726085725589504,3855,1003,11.0,pomeranian,0.961902,
668,732585889486888962,4016,868,10.0,staffordshire_bullterrier,0.843359,
669,732375214819057664,8832,2838,11.0,basset,0.000547053,doggo
670,732005617171337216,16324,6154,11.0,english_setter,0.677408,
671,731285275100512256,3798,1090,12.0,pembroke,0.967103,
672,730573383004487680,5407,2435,10.0,american_staffordshire_terrier,0.810158,pupper
673,730427201120833536,3809,1176,11.0,eskimo_dog,0.682082,
674,730211855403241472,4180,1182,11.0,pug,0.341663,
675,729823566028484608,4358,1390,13.0,kelpie,0.218408,
676,729463711119904772,6340,2586,13.0,german_shepherd,0.829307,
677,728986383096946689,3460,917,11.0,maltese_dog,0.95207,
678,728760639972315136,5090,1911,13.0,pembroke,0.939134,
679,728751179681943552,3032,757,10.0,saint_bernard,0.48205,
680,728409960103686147,5383,2269,10.0,saint_bernard,0.0942456,
681,728387165835677696,3999,1075,12.0,collie,0.266414,
682,728046963732717569,4722,1328,11.0,newfoundland,0.255971,
683,728035342121635841,4953,1872,12.0,pomeranian,0.248664,pupper
684,728015554473250816,4479,1219,11.0,cocker_spaniel,0.384559,pupper
685,727685679342333952,3206,720,12.0,border_collie,0.462408,
686,727644517743104000,6431,1962,13.0,great_pyrenees,0.457164,doggo
687,727524757080539137,4900,1379,10.0,pomeranian,0.958834,pupper
688,727314416056803329,3623,834,11.0,toy_poodle,0.827469,pupper
689,727175381690781696,4209,1540,10.0,flat-coated_retriever,0.656463,
690,726935089318363137,7496,2738,12.0,toy_poodle,0.083749,
691,726887082820554753,4195,1677,10.0,soft-coated_wheaten_terrier,0.5159189999999999,
692,726828223124897792,3882,1124,12.0,miniature_pinscher,0.255327,
693,725842289046749185,7691,2970,12.0,toy_poodle,0.420463,
694,725786712245440512,4537,1527,11.0,chow,0.33576100000000003,pupper
695,725729321944506368,5646,2009,12.0,boxer,0.599076,
696,724983749226668032,4040,1462,12.0,golden_retriever,0.67575,
697,724771698126512129,2593,725,11.0,german_short-haired_pointer,0.835491,doggo
698,724405726123311104,5800,1847,10.0,golden_retriever,0.240695,pupper
699,724049859469295616,4738,1984,10.0,border_collie,0.581835,
700,724046343203856385,2901,620,10.0,boxer,0.8262719999999999,
701,724004602748780546,4561,1790,11.0,pug,0.0188769,pupper
702,723912936180330496,4236,1374,12.0,samoyed,0.991772,
703,723688335806480385,8435,3347,12.0,chow,0.0890102,
704,723673163800948736,3291,1011,10.0,golden_retriever,0.83939,
705,722613351520608256,5393,1831,12.0,labrador_retriever,0.5309149999999999,
706,721503162398597120,5086,2124,11.0,pomeranian,0.99775,
707,721001180231503872,2748,686,11.0,samoyed,0.950053,pupper
708,720785406564900865,3400,866,12.0,chihuahua,0.8964219999999999,
709,720775346191278080,2702,760,10.0,newfoundland,0.48997,
710,720415127506415616,4503,1681,10.0,rottweiler,0.990312,
711,720389942216527872,6974,2840,11.0,pembroke,0.873977,
712,720043174954147842,5332,2253,11.0,samoyed,0.954517,
713,719991154352222208,5281,1979,10.0,golden_retriever,0.605304,doggo
714,719551379208073216,5515,2192,10.0,malamute,0.873233,
715,719367763014393856,3022,827,11.0,soft-coated_wheaten_terrier,0.050971,
716,719339463458033665,4822,1403,10.0,golden_retriever,0.765778,
717,719332531645071360,3711,1078,11.0,dandie_dinmont,0.224415,
718,718971898235854848,3818,1231,10.0,golden_retriever,0.14039400000000002,
719,718939241951195136,5720,1973,12.0,pembroke,0.7663270000000001,
720,718631497683582976,20697,9126,10.0,pomeranian,0.993718,
721,718613305783398402,2669,542,11.0,labrador_retriever,0.58458,
722,718540630683709445,2730,1137,10.0,maltese_dog,0.632289,
723,718234618122661888,4217,1127,11.0,malamute,0.370152,
724,717841801130979328,2660,670,11.0,brittany_spaniel,0.922876,
725,717537687239008257,6281,2069,11.0,golden_retriever,0.779356,
726,717047459982213120,6826,2135,12.0,golden_retriever,0.983548,
727,717009362452090881,3583,1102,10.0,siberian_husky,0.506154,pupper
728,716802964044845056,4627,1317,10.0,malinois,0.619577,
729,716791146589110272,5204,1474,11.0,pomeranian,0.468751,
730,716439118184652801,2574,247,11.0,siberian_husky,0.396495,
731,716285507865542656,3041,1225,12.0,yorkshire_terrier,0.43042,
732,716080869887381504,5272,1935,11.0,golden_retriever,0.638625,doggo
733,715928423106027520,3485,987,11.0,pug,0.976685,
734,715733265223708672,5093,1920,10.0,dandie_dinmont,0.740229,
735,715696743237730304,4257,1454,10.0,staffordshire_bullterrier,0.427836,
736,715680795826982913,4719,1813,12.0,golden_retriever,0.990715,
737,715342466308784130,3294,768,10.0,west_highland_white_terrier,0.597111,
738,715220193576927233,2630,736,10.0,chihuahua,0.584026,
739,715200624753819648,5578,2110,12.0,chihuahua,0.956787,
740,715009755312439296,4550,1392,12.0,chihuahua,0.142288,
741,714957620017307648,4503,1595,10.0,great_pyrenees,0.251516,
742,714606013974974464,3938,1038,12.0,norfolk_terrier,0.293007,
743,714258258790387713,3281,808,10.0,collie,0.176758,
744,714214115368108032,2480,990,13.0,pug,0.533967,
745,714141408463036416,4673,1569,10.0,labrador_retriever,0.586951,
746,713919462244790272,3564,869,12.0,siberian_husky,0.463223,
747,713761197720473600,5308,1541,12.0,brittany_spaniel,0.797936,
748,713411074226274305,4802,1440,11.0,great_pyrenees,0.720337,
749,713177543487135744,7854,3183,10.0,whippet,0.734244,
750,713175907180089344,4851,1630,10.0,malamute,0.430624,
751,712809025985978368,20378,7602,10.0,labrador_retriever,0.8686709999999999,
752,712717840512598017,13474,5616,10.0,great_pyrenees,0.732043,
753,712668654853337088,4531,1367,10.0,labrador_retriever,0.829058,
754,712438159032893441,5799,1756,11.0,great_pyrenees,0.069457,
755,712097430750289920,4144,1172,10.0,labrador_retriever,0.720481,
756,712085617388212225,3531,556,11.0,shih-tzu,0.625129,
757,711743778164514816,3095,1101,11.0,lakeland_terrier,0.459515,
758,711732680602345472,9756,4653,10.0,ibizan_hound,0.334929,
759,711363825979756544,3996,1287,11.0,pembroke,0.7509060000000001,
760,711008018775851008,3275,710,11.0,french_bulldog,0.731405,pupper
761,710997087345876993,4960,1561,12.0,malamute,0.28126,
762,710844581445812225,2775,779,10.0,pembroke,0.200407,
763,710833117892898816,2937,606,12.0,pembroke,0.803742,
764,710588934686908417,4968,2107,12.0,pembroke,0.982004,
765,710283270106132480,2308,580,11.0,shih-tzu,0.932401,
766,710272297844797440,4945,1425,11.0,old_english_sheepdog,0.586307,
767,710269109699739648,2613,1257,13.0,pug,0.415495,
768,710153181850935296,3153,1006,11.0,cocker_spaniel,0.00271296,
769,710117014656950272,5999,2233,11.0,toy_poodle,0.802092,pupper
770,709918798883774466,3250,1215,12.0,pembroke,0.956222,
771,709852847387627521,3824,1336,12.0,chihuahua,0.945629,
772,709566166965075968,3865,1367,12.0,chow,0.999837,
773,709556954897764353,3593,1204,12.0,golden_retriever,0.790026,
774,709449600415961088,2420,665,10.0,maltese_dog,0.780187,
775,709225125749587968,2615,647,11.0,labrador_retriever,0.271109,
776,709207347839836162,13755,6567,11.0,chihuahua,0.948323,
777,709158332880297985,2236,470,10.0,siberian_husky,0.212957,
778,708834316713893888,1860,571,10.0,eskimo_dog,0.283945,
779,708810915978854401,18036,7848,10.0,golden_retriever,0.976139,
780,708738143638450176,2997,917,11.0,pomeranian,0.933457,
781,708711088997666817,2790,834,11.0,german_short-haired_pointer,0.0526946,
782,708479650088034305,2768,765,13.0,shih-tzu,0.218479,
783,708469915515297792,3357,926,11.0,chihuahua,0.748163,
784,708356463048204288,3929,1520,10.0,pug,0.871283,
785,708349470027751425,2568,831,11.0,basenji,0.187158,
786,708149363256774660,4672,1727,10.0,cardigan,0.350993,
787,708130923141795840,3707,943,11.0,french_bulldog,0.710354,
788,708109389455101952,2124,610,10.0,staffordshire_bullterrier,0.5161060000000001,
789,707969809498152960,2941,1097,11.0,toy_poodle,0.908491,
790,707776935007539200,3593,1079,11.0,miniature_pinscher,0.890426,
791,707741517457260545,2718,696,10.0,whippet,0.738371,
792,707610948723478529,18557,7236,12.0,golden_retriever,0.383223,
793,707411934438625280,2486,673,11.0,lakeland_terrier,0.7382770000000001,pupper
794,707387676719185920,3835,1490,10.0,chihuahua,0.888468,
795,707315916783140866,2698,727,10.0,bernese_mountain_dog,0.979235,pupper
796,707297311098011648,3022,903,10.0,blenheim_spaniel,0.370717,
797,707059547140169728,2796,759,11.0,samoyed,0.8973120000000001,
798,707038192327901184,2404,900,10.0,pug,0.642426,
799,707021089608753152,4433,1540,12.0,cocker_spaniel,0.559658,
800,707014260413456384,2502,664,11.0,chihuahua,0.58378,
801,706681918348251136,3627,1103,12.0,toy_poodle,0.717584,
802,706538006853918722,3778,1580,11.0,chow,0.541794,
803,706516534877929472,3404,1150,12.0,golden_retriever,0.7726850000000001,
804,706346369204748288,3768,1035,12.0,tibetan_mastiff,0.956462,
805,706310011488698368,23443,9034,12.0,pembroke,0.6981649999999999,pupper
806,706291001778950144,1861,522,11.0,border_terrier,0.587101,
807,706265994973601792,2979,1030,11.0,papillon,0.743715,
808,705975130514706432,3397,842,10.0,staffordshire_bullterrier,0.5877640000000001,pupper
809,705970349788291072,3440,1008,12.0,golden_retriever,0.776346,
810,705898680587526145,2597,643,10.0,collie,0.808276,
811,705591895322394625,3475,1308,11.0,basenji,0.877207,
812,705475953783398401,3231,1045,12.0,golden_retriever,0.908784,
813,705442520700944385,4877,1859,12.0,great_pyrenees,0.309106,
814,705428427625635840,4188,1931,11.0,chihuahua,0.774792,pupper
815,705239209544720384,3290,854,11.0,chihuahua,0.15795,
816,705102439679201280,2342,585,10.0,collie,0.457672,
817,705066031337840642,2378,683,12.0,airedale,0.868658,
818,704859558691414016,2462,612,10.0,pug,0.284428,pupper
819,704847917308362754,5594,1727,12.0,golden_retriever,0.85724,
820,704761120771465216,7283,3257,13.0,chihuahua,0.100418,pupper
821,704499785726889984,3212,1124,12.0,chihuahua,0.376541,
822,704480331685040129,3723,1197,11.0,samoyed,0.979206,
823,704364645503647744,8804,3999,12.0,pembroke,0.980695,
824,704347321748819968,1729,393,10.0,brittany_spaniel,0.0829173,pupper
825,703774238772166656,2020,526,10.0,labrador_retriever,0.990119,
826,703769065844768768,3621,1276,10.0,boxer,0.838994,
827,703611486317502464,4229,1709,10.0,pembroke,0.756441,pupper
828,703382836347330562,3837,1285,12.0,golden_retriever,0.945664,
829,703268521220972544,2152,618,12.0,kuvasz,0.038243,pupper
830,703079050210877440,8064,3494,11.0,pembroke,0.778503,
831,702684942141153280,3516,1215,11.0,golden_retriever,0.514085,
832,702671118226825216,2398,634,10.0,bloodhound,0.381227,
833,702598099714314240,11332,3712,11.0,kelpie,0.219179,pupper
834,702539513671897089,3134,1091,12.0,pomeranian,0.714367,
835,702321140488925184,3604,1156,12.0,west_highland_white_terrier,0.769159,
836,702276748847800320,2706,860,11.0,boston_bull,0.697303,
837,701981390485725185,3755,1106,12.0,pomeranian,0.491022,
838,701952816642965504,4167,1149,11.0,toy_poodle,0.33170700000000003,
839,701889187134500865,3905,1558,11.0,french_bulldog,0.902856,
840,701601587219795968,2299,523,10.0,chihuahua,0.993661,
841,701545186879471618,2902,680,10.0,border_collie,0.280893,pupper
842,701214700881756160,13475,5812,12.0,chihuahua,0.615163,
843,700890391244103680,2437,653,11.0,schipperke,0.122356,
844,700864154249383937,2828,685,12.0,kuvasz,0.8058569999999999,pupper
845,700847567345688576,2637,558,10.0,rhodesian_ridgeback,0.252514,
846,700747788515020802,25130,10673,11.0,great_pyrenees,0.481333,
847,700518061187723268,2887,915,10.0,american_staffordshire_terrier,0.569501,
848,700505138482569216,2487,646,12.0,norwegian_elkhound,0.160205,
849,700167517596164096,2903,836,10.0,beagle,0.16258499999999998,
850,700151421916807169,2450,754,11.0,italian_greyhound,0.17683800000000002,pupper
851,700143752053182464,8282,3129,10.0,golden_retriever,0.53246,pupper
852,700029284593901568,2262,661,10.0,west_highland_white_terrier,0.726571,
853,699801817392291840,3345,1088,11.0,golden_retriever,0.808978,pupper
854,699788877217865730,2458,557,12.0,border_terrier,0.35506,
855,699779630832685056,3039,1397,10.0,malinois,0.706038,
856,699775878809702401,2150,690,11.0,dandie_dinmont,0.271683,
857,699446877801091073,6515,2938,12.0,pembroke,0.9694,
858,699434518667751424,2384,577,12.0,golden_retriever,0.836572,pupper
859,699423671849451520,1505,383,10.0,pug,0.99786,
860,699413908797464576,2258,688,11.0,samoyed,0.517479,
861,699370870310113280,2053,497,11.0,cairn,0.337557,
862,699323444782047232,3466,983,10.0,labrador_retriever,0.309696,
863,699036661657767936,2863,1345,13.0,chihuahua,0.222943,pupper
864,698989035503689728,3701,1113,13.0,norfolk_terrier,0.24634,
865,698953797952008193,2975,1020,11.0,italian_greyhound,0.382378,
866,698907974262222848,2787,699,10.0,german_short-haired_pointer,0.983131,
867,698710712454139905,2710,774,10.0,samoyed,0.329895,
868,698355670425473025,2046,516,10.0,pug,0.990191,
869,698262614669991936,5214,2268,11.0,italian_greyhound,0.107948,
870,698178924120031232,3084,830,10.0,chesapeake_bay_retriever,0.351868,
871,697995514407682048,1665,372,11.0,staffordshire_bullterrier,0.280222,
872,697990423684476929,3592,1451,11.0,pembroke,0.984783,
873,697943111201378304,2638,776,10.0,great_dane,0.126924,
874,697616773278015490,3467,1144,11.0,lhasa,0.521931,pupper
875,697596423848730625,3306,1425,11.0,shetland_sheepdog,0.621668,pupper
876,697270446429966336,5131,2087,10.0,toy_poodle,0.880014,
877,697255105972801536,3316,1315,10.0,great_dane,0.173989,
878,697242256848379904,2753,751,10.0,eskimo_dog,0.0635328,
879,696900204696625153,3492,1156,12.0,chihuahua,0.297735,
880,696886256886657024,5317,2016,12.0,kuvasz,0.383941,
881,696754882863349760,1615,396,10.0,toy_poodle,0.0983781,
882,696488710901260288,2788,1166,12.0,briard,0.369063,
883,695816827381944320,3287,1320,11.0,pomeranian,0.382234,
884,695794761660297217,3490,880,13.0,samoyed,0.962139,
885,695446424020918272,4787,2026,12.0,basenji,0.748904,
886,695409464418041856,9460,4017,10.0,pug,0.997445,
887,695314793360662529,4004,1675,10.0,maltese_dog,0.678547,
888,695095422348574720,2888,684,12.0,papillon,0.227784,pupper
889,695074328191332352,3116,1239,11.0,shih-tzu,0.5101060000000001,pupper
890,694352839993344000,2244,700,10.0,australian_terrier,0.407886,
891,694206574471057408,4582,2297,10.0,shih-tzu,0.352547,
892,694001791655137281,3705,1176,11.0,pembroke,0.769999,
893,693942351086120961,1896,413,10.0,groenendael,0.550796,
894,693629975228977152,2685,894,12.0,pug,0.841987,pupper
895,693622659251335168,1691,422,10.0,malamute,0.449298,
896,693280720173801472,3669,1403,10.0,labrador_retriever,0.340008,
897,693262851218264065,2459,568,11.0,golden_retriever,0.989333,pupper
898,693155686491000832,8668,3622,12.0,shih-tzu,0.69748,
899,693095443459342336,2056,523,10.0,yorkshire_terrier,0.033487800000000005,pupper
900,692905862751522816,2683,998,10.0,mexican_hairless,0.162638,pupper
901,692901601640583168,1971,682,10.0,soft-coated_wheaten_terrier,0.403496,
902,692894228850999298,2511,910,10.0,german_short-haired_pointer,0.876977,
903,692828166163931137,3148,998,12.0,samoyed,0.985857,pupper
904,692568918515392513,4739,1737,12.0,golden_retriever,0.636845,
905,692535307825213440,3504,1529,10.0,pug,0.41309,
906,692530551048294401,2021,474,10.0,siberian_husky,0.486428,
907,692187005137076224,2768,929,12.0,siberian_husky,0.810592,
908,692158366030913536,2369,896,10.0,pug,0.956565,
909,691756958957883396,3179,1161,10.0,saint_bernard,0.342571,
910,691675652215414786,2116,577,10.0,chihuahua,0.182898,
911,691459709405118465,4449,1294,12.0,shetland_sheepdog,0.5512060000000001,
912,691444869282295808,2890,955,12.0,bernese_mountain_dog,0.767563,
913,691416866452082688,21253,8689,13.0,lakeland_terrier,0.530104,
914,691321916024623104,2828,747,11.0,rottweiler,0.508981,
915,691096613310316544,3253,1019,11.0,borzoi,0.441269,
916,690959652130045952,3902,1421,11.0,golden_retriever,0.862964,
917,690735892932222976,4134,1442,13.0,golden_retriever,0.883229,
918,690690673629138944,2547,898,10.0,maltese_dog,0.08962460000000001,
919,690649993829576704,1435,325,11.0,mexican_hairless,0.0981708,
920,690597161306841088,2163,681,11.0,lhasa,0.0974997,
921,690400367696297985,2041,509,10.0,pembroke,0.426459,
922,690374419777196032,3560,972,11.0,kuvasz,0.286345,
923,690021994562220032,3056,1180,10.0,malamute,0.0406958,
924,690015576308211712,2740,836,12.0,malamute,0.949609,pupper
925,690005060500217858,4004,1907,10.0,samoyed,0.270287,
926,689999384604450816,1561,424,10.0,standard_poodle,0.444499,
927,689977555533848577,1490,502,12.0,labrador_retriever,0.179625,
928,689905486972461056,2651,787,11.0,pomeranian,0.943331,pupper
929,689835978131935233,2369,850,11.0,collie,0.600186,
930,689661964914655233,3501,1052,12.0,italian_greyhound,0.322818,
931,689623661272240129,2467,748,10.0,toy_poodle,0.279604,pupper
932,689599056876867584,12795,6265,11.0,cocker_spaniel,0.07310139999999997,
933,689557536375177216,2257,519,12.0,eskimo_dog,0.169482,
934,689517482558820352,3735,1609,12.0,pembroke,0.799319,
935,689280876073582592,2197,819,10.0,chihuahua,0.6375460000000001,
936,689275259254616065,1273,285,10.0,american_staffordshire_terrier,0.215161,
937,689143371370250240,2232,579,10.0,english_springer,0.303781,pupper
938,688916208532455424,3003,983,11.0,pembroke,0.430544,pupper
939,688898160958271489,2307,890,10.0,ibizan_hound,0.8531700000000001,
940,688804835492233216,1043,227,12.0,malinois,0.199512,
941,688519176466644993,2520,825,12.0,pembroke,0.696372,pupper
942,688385280030670848,10180,5035,12.0,golden_retriever,0.900437,
943,688116655151435777,3093,888,10.0,pug,0.973819,
944,688064179421470721,1878,408,11.0,eskimo_dog,0.240602,
945,687826841265172480,2989,1292,12.0,pomeranian,0.99721,
946,687818504314159109,2758,1080,12.0,lakeland_terrier,0.873029,pupper
947,687807801670897665,2625,801,11.0,staffordshire_bullterrier,0.151113,
948,687664829264453632,2121,576,11.0,pug,0.957365,
949,687480748861947905,1760,281,12.0,english_springer,0.472273,
950,687460506001633280,2243,614,10.0,boston_bull,0.223366,
951,687317306314240000,22073,10411,11.0,shih-tzu,0.747208,
952,687124485711986689,2371,577,11.0,beagle,0.000216206,
953,687109925361856513,6370,2803,11.0,borzoi,0.883086,
954,687096057537363968,2449,695,11.0,labrador_retriever,0.417107,pupper
955,686730991906516992,4543,1350,12.0,tibetan_mastiff,0.338812,
956,686683045143953408,3072,912,11.0,norwich_terrier,0.100499,pupper
957,686618349602762752,4042,1544,11.0,rottweiler,0.441331,pupper
958,686606069955735556,2071,607,10.0,labrador_retriever,0.320012,
959,686386521809772549,3553,996,11.0,yorkshire_terrier,0.477704,
960,686377065986265092,2433,637,10.0,german_shepherd,0.830816,pupper
961,686358356425093120,2398,776,10.0,pug,0.985237,
962,686050296934563840,2420,836,11.0,pomeranian,0.985789,
963,686034024800862208,3424,1324,12.0,great_dane,0.23692,
964,686007916130873345,2704,472,11.0,rhodesian_ridgeback,0.885301,pupper
965,685973236358713344,2326,611,11.0,siberian_husky,0.450678,
966,685325112850124800,10471,4535,10.0,golden_retriever,0.586937,
967,685321586178670592,2910,735,10.0,boston_bull,0.972483,
968,685315239903100929,3676,1234,11.0,chow,0.470162,
969,685307451701334016,2262,496,11.0,pomeranian,0.963176,floofer
970,685268753634967552,3419,1371,10.0,pug,0.999044,pupper
971,685198997565345792,2566,764,11.0,old_english_sheepdog,0.00967138,
972,685169283572338688,4489,1620,11.0,bernese_mountain_dog,0.975096,pupper
973,684940049151070208,3523,1191,12.0,border_collie,0.665578,
974,684926975086034944,3849,552,11.0,labrador_retriever,0.769412,
975,684914660081053696,3848,1662,12.0,chow,0.261288,
976,684902183876321280,2053,605,11.0,pembroke,0.708034,
977,684800227459624960,2979,1124,11.0,miniature_schnauzer,0.294457,
978,684594889858887680,9843,4016,10.0,weimaraner,0.948688,
979,684481074559381504,4249,1320,10.0,chihuahua,0.93781,
980,684460069371654144,2169,628,10.0,labrador_retriever,0.673691,
981,684241637099323392,8999,3727,12.0,pembroke,0.508498,
982,684188786104872960,3831,1343,10.0,kelpie,0.537782,
983,684177701129875456,2215,764,10.0,chow,0.334783,
984,684097758874210310,4515,1621,10.0,labrador_retriever,0.6278560000000001,
985,683857920510050305,4163,1262,10.0,bluetick,0.174738,
986,683852578183077888,2111,397,10.0,toy_poodle,0.5513520000000001,
987,683828599284170753,3053,1195,12.0,malamute,0.577376,pupper
988,683742671509258241,7162,3781,11.0,pembroke,0.895279,
989,683498322573824003,3469,1095,11.0,airedale,0.945362,
990,683481228088049664,2878,1118,11.0,keeshond,0.508951,pupper
991,683449695444799489,4290,1837,10.0,lakeland_terrier,0.303512,
992,683391852557561860,8356,2702,11.0,french_bulldog,0.992833,
993,683357973142474752,3238,1059,10.0,pembroke,0.406509,
994,683111407806746624,3736,1034,10.0,cocker_spaniel,0.901392,pupper
995,683098815881154561,2361,736,12.0,golden_retriever,0.889848,
996,683030066213818368,2370,832,10.0,boxer,0.722218,
997,682962037429899265,26239,15043,10.0,chihuahua,0.15520699999999998,
998,682662431982772225,3326,1207,11.0,beagle,0.413824,
999,682638830361513985,2266,675,12.0,english_springer,0.440781,
1000,682393905736888321,2441,773,11.0,vizsla,0.657275,
1001,682032003584274432,7223,2294,11.0,schipperke,0.997953,
1002,681981167097122816,3043,1161,12.0,labrador_retriever,0.4525770000000001,
1003,681891461017812993,2706,951,10.0,chihuahua,0.20357,pupper
1004,681694085539872773,14010,4581,11.0,toy_poodle,0.920992,pupper
1005,681654059175129088,2903,1045,12.0,pomeranian,0.800538,pupper
1006,681610798867845120,2100,533,12.0,toy_poodle,0.8217040000000001,
1007,681523177663676416,15749,6620,12.0,norfolk_terrier,0.205067,
1008,681320187870711809,2918,863,11.0,samoyed,0.362596,
1009,681297372102656000,3490,1091,12.0,lhasa,0.482401,
1010,681281657291280384,3520,1258,11.0,saint_bernard,0.99883,
1011,681231109724700672,2629,540,11.0,irish_setter,0.406047,pupper
1012,681193455364796417,4077,1691,11.0,pomeranian,0.992619,
1013,680934982542561280,2285,497,10.0,labrador_retriever,0.7843979999999999,
1014,680913438424612864,2609,705,11.0,pomeranian,0.615678,
1015,680836378243002368,3766,1513,12.0,pembroke,0.427781,pupper
1016,680801747103793152,2600,925,10.0,pug,0.99672,
1017,680497766108381184,4639,2162,12.0,chihuahua,0.538354,
1018,680473011644985345,2778,844,10.0,lakeland_terrier,0.796694,pupper
1019,680191257256136705,2356,577,11.0,brittany_spaniel,0.7332529999999999,pupper
1020,680161097740095489,2538,828,12.0,bluetick,0.268681,
1021,680145970311643136,3955,1972,10.0,miniature_poodle,0.457117,pupper
1022,680130881361686529,2519,1078,10.0,maltese_dog,0.199121,
1023,680100725817409536,3891,1554,11.0,golden_retriever,0.6989609999999999,pupper
1024,680055455951884288,18278,8067,10.0,samoyed,0.995466,
1025,679862121895714818,2678,706,11.0,entlebucher,0.5232060000000001,
1026,679844490799091713,2593,887,10.0,airedale,0.903832,
1027,679828447187857408,39726,15839,13.0,chihuahua,0.346545,pupper
1028,679777920601223168,3390,1281,10.0,bloodhound,0.5288189999999999,pupper
1029,679462823135686656,34856,21324,11.0,toy_poodle,0.62178,
1030,679158373988876288,23568,9193,11.0,pug,0.27220500000000003,
1031,679132435750195208,3253,1314,10.0,scottish_deerhound,0.19461,
1032,679062614270468097,18712,9299,11.0,schipperke,0.0455186,
1033,678991772295516161,2537,1333,12.0,eskimo_dog,0.330216,
1034,678969228704284672,1796,528,11.0,labrador_retriever,0.680251,
1035,678800283649069056,2810,1018,12.0,labrador_retriever,0.213673,pupper
1036,678774928607469569,3037,1043,11.0,pembroke,0.194681,
1037,678764513869611008,1788,544,10.0,irish_terrier,0.696646,
1038,678755239630127104,7802,3741,10.0,malamute,0.606654,
1039,678643457146150913,2250,489,10.0,labrador_retriever,0.33875700000000003,
1040,678446151570427904,4358,1785,10.0,staffordshire_bullterrier,0.284492,
1041,678410210315247616,4640,2072,10.0,schipperke,0.145877,
1042,678396796259975168,1731,478,12.0,pembroke,0.95618,
1043,678389028614488064,2044,473,11.0,miniature_pinscher,0.516284,pupper
1044,678380236862578688,2655,1020,10.0,samoyed,0.0476014,
1045,678341075375947776,1896,612,12.0,golden_retriever,0.853284,pupper
1046,678334497360859136,1427,304,10.0,norfolk_terrier,0.378643,
1047,678278586130948096,12531,6857,10.0,maltese_dog,0.897841,pupper
1048,678021115718029313,15018,7148,12.0,miniature_pinscher,0.822048,
1049,677918531514703872,1476,463,10.0,eskimo_dog,0.199347,
1050,677700003327029250,3689,1622,10.0,siberian_husky,0.120849,
1051,677687604918272002,2681,950,11.0,pembroke,0.573047,
1052,677557565589463040,2665,1322,10.0,shih-tzu,0.249017,pupper
1053,677547928504967168,7568,4076,12.0,american_staffordshire_terrier,0.914978,
1054,677328882937298944,3938,1693,10.0,kelpie,0.0290541,
1055,677314812125323265,1799,611,10.0,blenheim_spaniel,0.924127,
1056,677269281705472000,2164,790,10.0,shetland_sheepdog,0.656616,pupper
1057,676975532580409345,3015,1203,11.0,malamute,0.363257,
1058,676946864479084545,1844,426,12.0,pekinese,0.752707,
1059,676864501615042560,2294,808,10.0,chesapeake_bay_retriever,0.371146,
1060,676821958043033607,25124,17605,11.0,great_pyrenees,0.8698040000000001,
1061,676819651066732545,1957,741,12.0,labrador_retriever,0.0394646,pupper
1062,676617503762681856,3149,1108,13.0,chihuahua,0.841084,pupper
1063,676613908052996102,1183,219,12.0,doberman,0.0964228,
1064,676606785097199616,2039,490,12.0,malinois,0.1423,
1065,676533798876651520,2025,621,12.0,chow,0.26527399999999995,
1066,676470639084101634,12616,5224,11.0,golden_retriever,0.7903859999999999,pupper
1067,676440007570247681,1863,748,11.0,maltese_dog,0.579472,
1068,676430933382295552,1526,385,10.0,golden_retriever,0.583875,
1069,676263575653122048,2243,609,10.0,toy_poodle,0.0980293,pupper
1070,676219687039057920,67100,31989,10.0,whippet,0.000132464,
1071,676191832485810177,2478,1145,10.0,chihuahua,0.376741,
1072,676146341966438401,2077,744,10.0,irish_water_spaniel,0.388332,
1073,676101918813499392,3042,1284,11.0,shih-tzu,0.225848,
1074,675898130735476737,1774,653,10.0,labrador_retriever,0.40743,pupper
1075,675888385639251968,2581,1067,10.0,west_highland_white_terrier,0.672117,
1076,675878199931371520,4531,1570,11.0,cardigan,0.0436271,
1077,675845657354215424,2477,1000,10.0,pug,0.8839520000000001,pupper
1078,675822767435051008,1652,591,10.0,pomeranian,0.4607100000000001,
1079,675820929667219457,1140,260,11.0,basset,0.556373,
1080,675798442703122432,11101,3787,10.0,beagle,0.681218,
1081,675781562965868544,1750,537,11.0,maltese_dog,0.921968,
1082,675710890956750848,2046,928,12.0,standard_schnauzer,0.4414270000000001,
1083,675706639471788032,693,106,10.0,english_springer,0.9903,
1084,675534494439489536,1953,470,11.0,chow,0.749368,
1085,675531475945709568,1276,428,10.0,pembroke,0.918441,
1086,675522403582218240,1122,316,10.0,cocker_spaniel,0.299708,
1087,675517828909424640,1414,507,12.0,scottish_deerhound,0.240591,
1088,675497103322386432,3397,1443,11.0,vizsla,0.5195890000000001,
1089,675489971617296384,1406,672,10.0,west_highland_white_terrier,0.139613,
1090,675432746517426176,1623,627,12.0,labrador_retriever,0.986548,
1091,675372240448454658,1838,563,13.0,chihuahua,0.4163850000000001,
1092,675362609739206656,1136,262,12.0,labrador_retriever,0.479008,
1093,675334060156301312,3007,1436,12.0,pembroke,0.773135,pupper
1094,675166823650848770,3920,1795,10.0,standard_poodle,0.132569,
1095,675149409102012420,4037,1878,12.0,chow,0.999876,
1096,675147105808306176,1026,273,10.0,golden_retriever,0.949215,
1097,675047298674663426,1141,366,11.0,samoyed,0.978007,
1098,675015141583413248,2918,1335,10.0,golden_retriever,0.258372,
1099,675006312288268288,1057,252,10.0,boxer,0.654697,pupper
1100,675003128568291329,1672,517,12.0,pembroke,0.655279,
1101,674800520222154752,3240,949,11.0,pembroke,0.8764790000000001,
1102,674790488185167872,1180,278,13.0,labrador_retriever,0.8019029999999999,
1103,674774481756377088,1213,532,11.0,chihuahua,0.407016,pupper
1104,674764817387900928,852,263,10.0,samoyed,0.634695,
1105,674752233200820224,1580,516,12.0,vizsla,0.665516,
1106,674743008475090944,1514,607,10.0,bernese_mountain_dog,0.583054,
1107,674739953134403584,1194,437,11.0,dandie_dinmont,0.17591500000000002,
1108,674737130913071104,693,103,10.0,pomeranian,0.948537,pupper
1109,674644256330530816,1111,311,11.0,basset,0.335692,
1110,674638615994089473,1806,650,12.0,pomeranian,0.846986,pupper
1111,674468880899788800,6676,2275,13.0,chow,0.52623,
1112,674447403907457024,1137,393,10.0,brabancon_griffon,0.409909,pupper
1113,674422304705744896,1536,592,12.0,golden_retriever,0.964497,
1114,674416750885273600,731,157,10.0,chihuahua,0.28720100000000004,
1115,674410619106390016,1289,515,10.0,beagle,0.0194268,
1116,674291837063053312,15817,6533,11.0,cardigan,0.611525,
1117,674271431610523648,1682,800,10.0,german_shepherd,0.991454,
1118,674255168825880576,1581,619,10.0,eskimo_dog,0.615741,
1119,674082852460433408,804,186,11.0,pomeranian,0.666957,
1120,674075285688614912,1047,316,11.0,airedale,0.305392,
1121,674053186244734976,3576,1441,10.0,cardigan,0.984725,
1122,674051556661161984,1564,530,10.0,shih-tzu,0.179777,
1123,674042553264685056,772,142,12.0,toy_poodle,0.927975,
1124,674038233588723717,1176,456,12.0,eskimo_dog,0.358459,pupper
1125,674024893172875264,1914,1360,10.0,pomeranian,0.6485,
1126,674019345211760640,1208,340,10.0,collie,0.992732,
1127,674014384960745472,1676,714,11.0,pembroke,0.74232,
1128,673956914389192708,2091,1069,10.0,pug,0.5861609999999999,pupper
1129,673919437611909120,1251,401,11.0,schipperke,0.115984,pupper
1130,673887867907739649,994,274,10.0,brabancon_griffon,0.216767,
1131,673711475735838725,1114,325,10.0,maltese_dog,0.607401,
1132,673709992831262724,908,306,12.0,chihuahua,0.330171,
1133,673708611235921920,1153,315,12.0,golden_retriever,0.936333,
1134,673707060090052608,1177,434,10.0,german_short-haired_pointer,0.935771,pupper
1135,673689733134946305,1855,700,11.0,chesapeake_bay_retriever,0.38222,
1136,673686845050527744,1544,479,11.0,pekinese,0.185903,
1137,673680198160809984,1460,521,13.0,samoyed,0.989853,
1138,673662677122719744,1339,397,12.0,labrador_retriever,0.95767,
1139,673656262056419329,769,265,10.0,bull_mastiff,0.700625,pupper
1140,673636718965334016,1194,404,10.0,pug,0.0190443,
1141,673583129559498752,1273,403,11.0,golden_retriever,0.113946,
1142,673355879178194945,1606,652,11.0,rottweiler,0.5292479999999999,
1143,673352124999274496,1761,597,12.0,golden_retriever,0.672808,
1144,673343217010679808,1038,289,11.0,chihuahua,0.541408,
1145,673342308415348736,1362,649,10.0,chihuahua,0.013559200000000002,pupper
1146,673320132811366400,14441,8705,11.0,samoyed,0.978833,
1147,673317986296586240,924,293,10.0,miniature_pinscher,0.384099,
1148,673270968295534593,1134,400,11.0,shih-tzu,0.610453,
1149,673213039743795200,2410,929,10.0,schipperke,0.8880819999999999,
1150,672997845381865473,2092,786,12.0,chow,0.517255,
1151,672988786805112832,1039,314,10.0,lakeland_terrier,0.8366319999999999,pupper
1152,672975131468300288,1813,1015,10.0,pug,0.8364209999999999,pupper
1153,672968025906282496,1405,602,11.0,toy_poodle,0.678046,
1154,672964561327235073,1530,701,10.0,chihuahua,0.292343,
1155,672834301050937345,1398,623,10.0,pembroke,0.5825600000000001,
1156,672622327801233409,1377,542,12.0,golden_retriever,0.952773,pupper
1157,672604026190569472,1188,445,11.0,toy_poodle,0.8201579999999999,
1158,672591762242805761,1014,367,10.0,kuvasz,0.777659,
1159,672523490734551040,696,189,10.0,golden_retriever,0.5659810000000001,
1160,672488522314567680,1187,482,10.0,doberman,0.605358,
1161,672482722825261057,1221,665,10.0,west_highland_white_terrier,0.5861729999999999,
1162,672481316919734272,757,137,12.0,border_collie,0.599454,pupper
1163,672466075045466113,1447,598,12.0,cocker_spaniel,0.150424,
1164,672272411274932228,6888,3677,11.0,pug,0.914685,
1165,672267570918129665,1588,666,10.0,irish_terrier,0.716932,
1166,672264251789176834,1212,383,10.0,chihuahua,0.6098600000000001,
1167,672254177670729728,1515,800,11.0,pug,0.979487,pupper
1168,672248013293752320,1833,656,10.0,irish_terrier,0.413173,
1169,672245253877968896,733,169,12.0,chihuahua,0.7189439999999999,
1170,672169685991993344,1074,408,10.0,cocker_spaniel,0.991011,
1171,672139350159835138,1876,792,12.0,rottweiler,0.29099200000000003,
1172,672125275208069120,2578,1253,11.0,golden_retriever,8.67567e-05,
1173,672082170312290304,1003,402,11.0,toy_poodle,0.123962,
1174,671896809300709376,9016,4519,10.0,chow,0.243529,
1175,671891728106971137,1415,618,11.0,labrador_retriever,0.567933,
1176,671866342182637568,1191,548,10.0,labrador_retriever,0.8756139999999999,
1177,671768281401958400,1269,572,10.0,chihuahua,0.500373,
1178,671743150407421952,779,248,11.0,toy_poodle,0.4194270000000001,
1179,671735591348891648,1534,819,11.0,irish_wolfhound,0.06307819999999999,
1180,671561002136281088,13679,7931,13.0,gordon_setter,0.4693729999999999,
1181,671542985629241344,1166,616,10.0,shetland_sheepdog,0.980339,
1182,671528761649688577,896,280,10.0,doberman,0.782626,
1183,671520732782923777,1499,582,10.0,pomeranian,0.551031,
1184,671504605491109889,7495,3866,11.0,toy_poodle,0.259115,
1185,671486386088865792,621,226,10.0,german_shepherd,0.8270350000000001,
1186,671485057807351808,806,253,11.0,samoyed,0.627901,
1187,671355857343524864,508,119,10.0,miniature_poodle,0.313811,
1188,671186162933985280,788,241,10.0,chihuahua,0.319106,
1189,671182547775299584,1193,378,12.0,rottweiler,0.331179,
1190,671154572044468225,769,241,11.0,labrador_retriever,0.495047,
1191,671151324042559489,714,166,12.0,rottweiler,0.781201,
1192,671138694582165504,996,448,10.0,samoyed,0.587342,
1193,670995969505435648,1175,317,12.0,redbone,0.8662209999999999,
1194,670840546554966016,634,213,10.0,shih-tzu,0.963622,
1195,670832455012716544,780,242,10.0,malinois,0.31760700000000003,
1196,670823764196741120,824,205,12.0,labrador_retriever,0.947453,
1197,670822709593571328,647,105,10.0,chihuahua,0.00125152,
1198,670815497391357952,3410,1708,10.0,american_staffordshire_terrier,0.919714,
1199,670811965569282048,1202,295,10.0,basset,0.99409,
1200,670807719151067136,1234,546,11.0,old_english_sheepdog,0.958035,
1201,670804601705242624,2098,1035,10.0,pomeranian,0.86856,
1202,670803562457407488,362,95,10.0,basenji,0.34410100000000005,
1203,670797304698376195,780,262,11.0,pembroke,0.472197,
1204,670778058496974848,345,77,10.0,pug,0.776612,
1205,670764103623966721,1154,466,10.0,norfolk_terrier,0.17285,
1206,670717338665226240,1301,547,12.0,pomeranian,0.368161,
1207,670452855871037440,580,225,11.0,malamute,0.08037949999999999,
1208,670444955656130560,7120,2153,10.0,english_springer,0.403698,
1209,670442337873600512,690,213,11.0,sussex_spaniel,0.403552,
1210,670435821946826752,1127,570,10.0,basenji,0.135767,
1211,670434127938719744,1501,708,11.0,chesapeake_bay_retriever,0.027351,
1212,670433248821026816,345,122,10.0,giant_schnauzer,0.0622148,
1213,670428280563085312,1484,694,11.0,chow,0.335269,
1214,670421925039075328,1415,709,12.0,chihuahua,0.275793,
1215,670411370698022913,2176,991,12.0,maltese_dog,0.584397,
1216,670403879788544000,460,173,10.0,pug,0.8022229999999999,
1217,670374371102445568,785,295,12.0,english_springer,0.974936,
1218,670338931251150849,451,122,10.0,cairn,0.245033,
1219,670319130621435904,4110,1359,11.0,irish_terrier,0.254856,
1220,670290420111441920,750,315,11.0,chihuahua,0.368876,
1221,670086499208155136,740,275,10.0,german_short-haired_pointer,0.273492,
1222,670073503555706880,1674,874,10.0,malamute,0.6018859999999999,
1223,670061506722140161,822,373,11.0,italian_greyhound,0.329339,
1224,670046952931721218,684,191,11.0,blenheim_spaniel,0.998335,
1225,670040295598354432,801,118,10.0,borzoi,0.0266596,
1226,670003130994700288,352,100,10.0,beagle,0.375313,
1227,669970042633789440,317,65,10.0,miniature_pinscher,0.734744,
1228,669942763794931712,536,183,11.0,vizsla,0.743216,
1229,669926384437997569,400,115,12.0,pomeranian,0.984231,
1230,669753178989142016,858,431,10.0,pembroke,0.8584940000000001,
1231,669683899023405056,412,119,10.0,pomeranian,0.998275,
1232,669625907762618368,3769,1963,12.0,golden_retriever,0.0554081,
1233,669603084620980224,1006,401,10.0,maltese_dog,0.659619,
1234,669597912108789760,550,163,10.0,eskimo_dog,0.595665,
1235,669573570759163904,467,156,10.0,west_highland_white_terrier,0.946828,
1236,669564461267722241,413,133,10.0,toy_poodle,0.623685,
1237,669393256313184256,383,83,10.0,cocker_spaniel,0.359843,
1238,669371483794317312,524,196,10.0,brabancon_griffon,0.483268,
1239,669367896104181761,485,172,10.0,basset,0.749394,
1240,669363888236994561,669,252,10.0,golden_retriever,0.539004,
1241,669359674819481600,390,134,11.0,labrador_retriever,0.367818,
1242,669328503091937280,1081,452,12.0,siberian_husky,0.424202,
1243,669327207240699904,610,127,13.0,golden_retriever,0.919584,
1244,669324657376567296,525,223,11.0,cardigan,0.131544,
1245,669037058363662336,698,336,10.0,chihuahua,0.803528,
1246,669006782128353280,610,269,12.0,chihuahua,0.127178,
1247,669000397445533696,22118,6965,11.0,pembroke,0.82294,
1248,668979806671884288,842,382,12.0,golden_retriever,0.608537,
1249,668975677807423489,1386,641,11.0,basset,0.605437,
1250,668960084974809088,757,263,10.0,chesapeake_bay_retriever,0.165878,
1251,668955713004314625,300,77,10.0,cocker_spaniel,0.367492,
1252,668902994700836864,338,107,11.0,brittany_spaniel,0.828425,
1253,668892474547511297,422,164,11.0,kelpie,0.421979,
1254,668872652652679168,566,322,11.0,miniature_schnauzer,0.0355366,
1255,668852170888998912,479,184,11.0,golden_retriever,0.903529,
1256,668826086256599040,467,150,10.0,malinois,0.640185,
1257,668779399630725120,749,409,10.0,chesapeake_bay_retriever,0.285508,
1258,668655139528511488,562,233,11.0,beagle,0.31911,
1259,668641109086707712,1145,573,10.0,pug,0.146311,
1260,668636665813057536,1114,528,10.0,komondor,0.999956,
1261,668633411083464705,3024,1788,10.0,pekinese,0.589011,
1262,668625577880875008,417,140,10.0,groenendael,0.0544548,
1263,668623201287675904,1551,851,10.0,chihuahua,0.708163,
1264,668567822092664832,265,62,11.0,shih-tzu,0.985649,
1265,668542336805281792,497,231,10.0,american_staffordshire_terrier,0.267695,
1266,668528771708952576,496,242,12.0,labrador_retriever,0.195835,
1267,668507509523615744,345,116,10.0,basenji,0.0553794,
1268,668480044826800133,491,162,11.0,labrador_retriever,0.0999648,
1269,668286279830867968,535,149,11.0,golden_retriever,0.215944,
1270,668274247790391296,886,248,10.0,soft-coated_wheaten_terrier,0.406374,
1271,668268907921326080,592,261,10.0,pembroke,0.48483,
1272,668256321989451776,1385,667,13.0,pembroke,0.0944294,
1273,668237644992782336,6614,3100,10.0,chow,0.8093199999999999,
1274,668221241640230912,537,215,10.0,chow,0.395101,
1275,668190681446379520,696,210,12.0,blenheim_spaniel,0.958402,
1276,667915453470232577,222,59,10.0,boxer,0.196655,
1277,667886921285246976,2011,1180,11.0,pomeranian,0.8004319999999999,
1278,667885044254572545,868,530,10.0,malamute,0.0885297,
1279,667832474953625600,303,68,12.0,miniature_pinscher,0.2142,
1280,667806454573760512,1111,535,10.0,chihuahua,0.187155,
1281,667801013445750784,346,101,12.0,flat-coated_retriever,0.508392,
1282,667728196545200128,398,162,11.0,kuvasz,0.360159,
1283,667544320556335104,917,568,10.0,pomeranian,0.412893,
1284,667530908589760512,501,264,10.0,golden_retriever,0.633037,
1285,667524857454854144,1798,1198,12.0,chesapeake_bay_retriever,0.08812239999999999,
1286,667509364010450944,7148,2272,12.0,beagle,0.636169,
1287,667502640335572993,563,231,11.0,labrador_retriever,0.996709,
1288,667470559035432960,273,102,11.0,toy_poodle,0.304175,
1289,667453023279554560,327,96,11.0,labrador_retriever,0.8256700000000001,
1290,667435689202614272,326,89,12.0,rottweiler,0.999091,
1291,667200525029539841,658,282,11.0,siberian_husky,0.694904,
1292,667192066997374976,414,115,12.0,rottweiler,0.28364,
1293,667182792070062081,15075,6618,10.0,golden_retriever,0.949892,
1294,667171260800061440,235,97,10.0,giant_schnauzer,0.8412649999999999,
1295,667165590075940865,2819,1241,10.0,miniature_pinscher,0.140173,
1296,667160273090932737,268,66,11.0,golden_retriever,0.471351,
1297,667152164079423490,49720,18285,12.0,toy_poodle,0.535411,
1298,667138269671505920,4851,2387,10.0,west_highland_white_terrier,0.747713,
1299,667119796878725120,346,135,10.0,pembroke,0.741563,
1300,667073648344346624,425,134,10.0,chihuahua,0.483682,
1301,667062181243039745,227,57,10.0,chesapeake_bay_retriever,0.825678,
1302,667044094246576128,198,54,12.0,golden_retriever,0.765266,
1303,666996132027977728,258,102,10.0,rottweiler,0.0624899,
1304,666835007768551424,222,83,10.0,airedale,0.448459,
1305,666826780179869698,266,105,12.0,maltese_dog,0.359383,
1306,666781792255496192,404,211,10.0,italian_greyhound,0.618316,
1307,666739327293083650,244,71,10.0,miniature_poodle,0.546933,
1308,666454714377183233,545,223,10.0,dalmatian,0.278954,
1309,666435652385423360,170,54,10.0,chesapeake_bay_retriever,0.18413,
1310,666421158376562688,327,118,12.0,blenheim_spaniel,0.906777,
1311,666418789513326592,129,48,10.0,toy_terrier,0.14968,
1312,666373753744588802,194,100,11.0,soft-coated_wheaten_terrier,0.326467,
1313,666345417576210432,307,146,10.0,golden_retriever,0.8587440000000001,
1314,666273097616637952,184,82,11.0,italian_greyhound,0.176053,
1315,666102155909144576,81,16,11.0,english_setter,0.298617,
1316,666073100786774016,335,174,10.0,walker_hound,0.260857,
1317,666063827256086533,496,232,10.0,golden_retriever,0.77593,
1318,666055525042405380,448,261,10.0,chow,0.692517,
1319,666050758794694657,136,60,10.0,bernese_mountain_dog,0.651137,
